{"skeleton":{"hash":"jC+3t/Sc6i5tVdB+BdD00dA5sNc","spine":"3.6.52","width":217.21,"height":542.55},"bones":[{"name":"root"},{"name":"hip","parent":"root","x":0.81,"y":111.08},{"name":"torso","parent":"hip","length":212.58,"rotation":89.67,"x":0.06,"y":-27.97},{"name":"arms","parent":"torso","rotation":-0.09,"x":228.31,"y":-0.82,"shearY":0.57,"transform":"noScale"},{"name":"hands","parent":"arms","x":-83.49,"y":-26.54,"transform":"noScale"},{"name":"head","parent":"torso","rotation":-0.21,"x":228.15,"y":-0.82,"transform":"noScale"},{"name":"left eyebrow","parent":"head","rotation":-89.46,"x":98.49,"y":-54.75},{"name":"left shoe 1","parent":"root","length":19.21,"rotation":-20,"x":19.78,"y":19.12},{"name":"left thigh","parent":"hip","length":42.98,"rotation":-70,"x":9},{"name":"left leg","parent":"left thigh","length":51.5,"rotation":-25,"x":43.19,"y":-0.29},{"name":"left shoe 2","parent":"left shoe 1","length":19.21,"x":19.21},{"name":"left shoe 3","parent":"left shoe 2","length":19.21,"x":19.21},{"name":"right eyebrow","parent":"head","rotation":-89.46,"x":100.51,"y":6.62},{"name":"right shoe 1","parent":"root","length":19.21,"rotation":-160,"x":-19.78,"y":19.12},{"name":"right thigh","parent":"hip","length":42.98,"rotation":-110,"x":-9},{"name":"right leg","parent":"right thigh","length":51.5,"rotation":25,"x":43.19,"y":-0.29},{"name":"right shoe 2","parent":"right shoe 1","length":19.21,"x":19.21},{"name":"right shoe 3","parent":"right shoe 2","length":19.21,"x":19.21},{"name":"schnurrbart","parent":"head","rotation":-89.46,"x":13.15,"y":-29.63},{"name":"shadow","parent":"root"}],"slots":[{"name":"dimitri","bone":"root"},{"name":"shadow","bone":"shadow","attachment":"shadow"},{"name":"rightShoe","bone":"root","attachment":"rightShoe"},{"name":"rightLeg","bone":"right leg","attachment":"rightLeg"},{"name":"leftShoe","bone":"root","attachment":"leftShoe"},{"name":"leftLeg","bone":"left leg","attachment":"leftLeg"},{"name":"shorts","bone":"hip","attachment":"shorts"},{"name":"torso","bone":"torso","attachment":"torso"},{"name":"arms","bone":"arms","attachment":"arms"},{"name":"hands","bone":"hands","attachment":"hands"},{"name":"head","bone":"head","attachment":"head"},{"name":"mouthOh","bone":"head"},{"name":"schnurrbart","bone":"schnurrbart","attachment":"schnurrbart"},{"name":"glassesAndNose","bone":"head","attachment":"glassesAndNose"},{"name":"leftEyebrow","bone":"left eyebrow","attachment":"leftEyebrow"},{"name":"rightEyebrow","bone":"right eyebrow","attachment":"rightEyebrow"}],"ik":[{"name":"left leg","order":1,"bones":["left thigh","left leg"],"target":"left shoe 1","bendPositive":false},{"name":"right leg","order":0,"bones":["right thigh","right leg"],"target":"right shoe 1"}],"skins":{"default":{"arms":{"arms":{"x":-47.93,"y":3.53,"rotation":-89.57,"width":183,"height":152}},"glassesAndNose":{"glassesAndNose":{"x":53.33,"y":-6.48,"rotation":-89.46,"width":156,"height":101}},"hands":{"hands":{"x":4.79,"y":-1.63,"rotation":-89.57,"width":57,"height":61}},"head":{"head":{"x":64.71,"y":-0.68,"rotation":-89.46,"width":148,"height":238}},"leftEyebrow":{"leftEyebrow":{"x":-3.61,"y":-3.03,"width":63,"height":39}},"leftLeg":{"leftLeg":{"x":21.25,"y":-1.72,"rotation":95.11,"width":23,"height":49}},"leftShoe":{"leftShoe":{"type":"mesh","uvs":[0,0,0.31961,0,0.38521,0.18007,0.62374,0.30395,1,0.39849,1,1,0.65753,1,0.43888,0.84185,0.26395,0.65603,1.0E-5,0.58431],"triangles":[6,4,5,6,7,4,4,7,3,7,8,3,8,2,3,8,9,2,2,9,0,2,0,1],"vertices":[1,7,-17.76,10.1,1,2,7,6.87,19.06,0.99974,10,-12.34,19.06,2.6E-4,2,7,15,12.44,0.85681,10,-4.2,12.44,0.14319,2,10,16.3,13.31,0.77234,11,-2.91,13.31,0.22766,1,11,27.7,19.42,1,1,11,37.99,-8.84,1,2,10,30.8,-18.44,0.09471,11,11.6,-18.44,0.90529,2,10,11.25,-17.15,0.83152,11,-7.96,-17.15,0.16848,1,7,13.8,-13.32,1,1,7,-7.76,-17.35,1],"hull":10}},"mouthOh":{"mouthOh":{"x":-2.82,"y":-26.23,"rotation":-89.46,"width":31,"height":38}},"rightEyebrow":{"rightEyebrow":{"x":-5.69,"y":0.17,"width":87,"height":47}},"rightLeg":{"rightLeg":{"x":21.19,"y":2.35,"rotation":86.39,"width":23,"height":49}},"rightShoe":{"rightShoe":{"type":"mesh","uvs":[1,0,0.63417,1.0E-5,0.61821,0.16374,0.37005,0.29702,0,0.37318,0,1,0.30569,1,0.49777,0.88815,0.70792,0.65775,1,0.56596],"triangles":[9,2,0,7,6,4,7,4,3,5,4,6,2,1,0,8,2,9,3,2,8,7,3,8],"vertices":[-5.17,34.66,-35.17,34.65,-36.48,26.47,-56.83,19.8,-87.17,16,-87.17,-15.34,-62.1,-15.35,-46.35,-9.76,-29.12,1.77,-5.17,6.36],"hull":10}},"schnurrbart":{"schnurrbart":{"x":-16.19,"y":1.53,"width":187,"height":38}},"shadow":{"shadow":{"x":1.36,"y":-4.61,"width":217,"height":86}},"shorts":{"shorts":{"x":-1.63,"y":-29.12,"rotation":0.25,"width":104,"height":38}},"torso":{"torso":{"x":124.2,"y":8.47,"rotation":-89.67,"width":154,"height":259}}}},"animations":{"eyes anger":{"bones":{"right eyebrow":{"rotate":[{"time":0,"angle":-8.2}],"translate":[{"time":0,"x":-2.88,"y":-2.94}],"scale":[{"time":0,"x":1,"y":1}],"shear":[{"time":0,"x":0,"y":0}]},"left eyebrow":{"rotate":[{"time":0,"angle":12.13}],"translate":[{"time":0,"x":-1,"y":3.68}],"scale":[{"time":0,"x":1,"y":1}],"shear":[{"time":0,"x":0,"y":0}]}}},"eyes normalise":{"bones":{"right eyebrow":{"rotate":[{"time":0,"angle":0}],"translate":[{"time":0,"x":0,"y":0}],"scale":[{"time":0,"x":1,"y":1}],"shear":[{"time":0,"x":0,"y":0}]},"left eyebrow":{"rotate":[{"time":0,"angle":0}],"translate":[{"time":0,"x":0,"y":0}],"scale":[{"time":0,"x":1,"y":1}],"shear":[{"time":0,"x":0,"y":0}]}}},"eyes surprise":{"bones":{"right eyebrow":{"rotate":[{"time":0,"angle":13.78}],"translate":[{"time":0,"x":11.09,"y":0.95}],"scale":[{"time":0,"x":1,"y":1}],"shear":[{"time":0,"x":0,"y":-16.39}]},"left eyebrow":{"rotate":[{"time":0,"angle":-12.68}],"translate":[{"time":0,"x":12.34,"y":-1.76}],"scale":[{"time":0,"x":1,"y":1}],"shear":[{"time":0,"x":0,"y":18.93}]}}},"hands normalise":{"bones":{"hands":{"shear":[{"time":0,"x":0,"y":0}]},"arms":{"shear":[{"time":0,"x":0,"y":0}]}}},"hands rub":{"bones":{"arms":{"shear":[{"time":0,"x":0,"y":-3.57,"curve":[0.25,0,0.75,1]},{"time":0.2667,"x":0,"y":1.43,"curve":[0.25,0,0.75,1]},{"time":0.5333,"x":0,"y":-2.57}]},"hands":{"shear":[{"time":0,"x":0,"y":0,"curve":[0.25,0,0.75,1]},{"time":0.2667,"x":-8,"y":0,"curve":[0.25,0,0.75,1]},{"time":0.5333,"x":0,"y":0}]}}},"head lower":{"bones":{"head":{"rotate":[{"time":0,"angle":-4.49}],"translate":[{"time":0,"x":-8.84,"y":-7.93}],"scale":[{"time":0,"x":1,"y":1}],"shear":[{"time":0,"x":0,"y":0}]}}},"head normalise":{"bones":{"head":{"rotate":[{"time":0,"angle":0}],"translate":[{"time":0,"x":0,"y":0}],"scale":[{"time":0,"x":1,"y":1}],"shear":[{"time":0,"x":0,"y":0}]}}},"hip bounce":{"bones":{"hip":{"translate":[{"time":0,"x":0,"y":0,"curve":[0.381,0,0.681,0.5]},{"time":0.2667,"x":0,"y":-10.3,"curve":[0.389,0,0.781,1]},{"time":0.5333,"x":0,"y":0}]},"shadow":{"translate":[{"time":0,"x":0,"y":0}],"scale":[{"time":0,"x":1,"y":1,"curve":[0.381,0,0.681,0.5]},{"time":0.2667,"x":1.05,"y":1.017,"curve":[0.389,0,0.781,1]},{"time":0.5333,"x":1,"y":1}]}}},"hip lean backwards":{"bones":{"hip":{"rotate":[{"time":0,"angle":9.86}],"translate":[{"time":0,"x":-2.28,"y":-4.87}]},"shadow":{"translate":[{"time":0,"x":-13.2,"y":0}],"scale":[{"time":0,"x":1,"y":1}]}}},"hip lean forwards":{"bones":{"hip":{"rotate":[{"time":0,"angle":-6.71}],"translate":[{"time":0,"x":9.46,"y":-6.88}]},"shadow":{"translate":[{"time":0,"x":14.35,"y":0}],"scale":[{"time":0,"x":1,"y":1}]}}},"hip lower":{"bones":{"hip":{"rotate":[{"time":0,"angle":0}],"translate":[{"time":0,"x":0,"y":-13.73}]},"shadow":{"translate":[{"time":0,"x":0,"y":0}],"scale":[{"time":0,"x":1.05,"y":1.02}]}}},"hip normalise":{"bones":{"hip":{"rotate":[{"time":0,"angle":0}],"translate":[{"time":0,"x":0,"y":0}],"scale":[{"time":0,"x":1,"y":1}],"shear":[{"time":0,"x":0,"y":0}]},"shadow":{"translate":[{"time":0,"x":0,"y":0}],"scale":[{"time":0,"x":1,"y":1}]}}},"left foot normalise":{"bones":{"left shoe 2":{"rotate":[{"time":0,"angle":0.18}],"translate":[{"time":0,"x":0,"y":0}],"scale":[{"time":0,"x":1,"y":1}],"shear":[{"time":0,"x":0,"y":0}]},"left shoe 1":{"rotate":[{"time":0,"angle":0}],"translate":[{"time":0,"x":0,"y":0}],"scale":[{"time":0,"x":1,"y":1}],"shear":[{"time":0,"x":0,"y":0}]},"left shoe 3":{"rotate":[{"time":0,"angle":0}],"translate":[{"time":0,"x":0,"y":0}],"scale":[{"time":0,"x":1,"y":1}],"shear":[{"time":0,"x":0,"y":0}]}}},"left foot scratch":{"bones":{"left shoe 1":{"rotate":[{"time":0,"angle":-33.31}],"translate":[{"time":0,"x":-20.89,"y":22.92,"curve":[0.25,0,0.75,1]},{"time":0.1667,"x":-21.5,"y":28.41,"curve":[0.25,0,0.75,1]},{"time":0.3333,"x":-20.89,"y":22.92}]},"left shoe 2":{"rotate":[{"time":0,"angle":30.48}],"shear":[{"time":0,"x":-7.86,"y":0}]},"left shoe 3":{"rotate":[{"time":0,"angle":9.88}],"shear":[{"time":0,"x":-8.84,"y":0}]}}},"left foot tap":{"bones":{"left shoe 2":{"rotate":[{"time":0,"angle":0,"curve":[0.25,0,0.698,0.99]},{"time":0.2,"angle":27.13,"curve":[0.54,0,0.928,0.85]},{"time":0.3667,"angle":0}],"shear":[{"time":0,"x":0,"y":0,"curve":[0.25,0,0.698,0.99]},{"time":0.2,"x":-3.5,"y":-15.38,"curve":[0.54,0,0.928,0.85]},{"time":0.3667,"x":0,"y":0}]},"left shoe 3":{"rotate":[{"time":0,"angle":0,"curve":[0.25,0,0.698,0.99]},{"time":0.2,"angle":16.6,"curve":[0.54,0,0.928,0.85]},{"time":0.3667,"angle":0}],"shear":[{"time":0,"x":0,"y":0,"curve":[0.558,0.01,0.862,0.81]},{"time":0.2,"x":0,"y":-16.38,"curve":[0.54,0,0.928,0.85]},{"time":0.3667,"x":0,"y":0}]}}},"mouth normalise":{"slots":{"mouthOh":{"attachment":[{"time":0,"name":null}]}}},"mouth oh":{"slots":{"mouthOh":{"attachment":[{"time":0,"name":"mouthOh"}]}}},"schnurrbart breathe":{"bones":{"schnurrbart":{"scale":[{"time":0,"x":1,"y":1,"curve":[0.25,0,0.75,1]},{"time":1,"x":1.05,"y":1,"curve":[0.25,0,0.75,1]},{"time":2,"x":1,"y":1}]}}},"schnurrbart normalise":{"bones":{"schnurrbart":{"rotate":[{"time":0,"angle":0}],"translate":[{"time":0,"x":0,"y":0}],"scale":[{"time":0,"x":1,"y":1}],"shear":[{"time":0,"x":0,"y":0}]}}},"schnurrbart wiggle":{"bones":{"schnurrbart":{"rotate":[{"time":0,"angle":5.46,"curve":[0.25,0,0.75,1]},{"time":0.2,"angle":-7.48,"curve":[0.25,0,0.75,1]},{"time":0.4,"angle":5.46}],"shear":[{"time":0,"x":-10,"y":0,"curve":[0.25,0,0.75,1]},{"time":0.2,"x":10,"y":0,"curve":[0.25,0,0.75,1]},{"time":0.4,"x":-10,"y":0}]}}},"torso breathe":{"bones":{"torso":{"scale":[{"time":0,"x":1,"y":1,"curve":[0.254,0.01,0.398,1]},{"time":1,"x":0.979,"y":1,"curve":[0.694,0,0.841,1]},{"time":2,"x":1,"y":1}]}}},"torso tense":{"bones":{"torso":{"scale":[{"time":0,"x":1,"y":1}]}}}}}