<?xml version="1.0"?>
<pagescount>
	<html_total>1</html_total>
	<html_done>1</html_done>
	<images>182</images>
	<script>2</script>
	<css>1</css>
	<pdf/>
	<documents/>
	<excel/>
	<powerpoint/>
	<flash/>
	<audios/>
	<videos/>
	<xml/>
	<json/>
	<txt/>
	<autocad/>
	<model_3d/>
	<fonts/>
	<scraping_reload>1</scraping_reload>
	<is_pretty_url>false</is_pretty_url>
	<has_trailing_slash>false</has_trailing_slash>
	<is_ebn>false</is_ebn>
	<email>prollhouse4@gmail.com</email>
	<theme_name>WmdTheme897533</theme_name>
	<server_url_front_page>https://www6.waybackmachinedownloader.com/wdo/files/demo/bitlifeonline.github.io_prollhouse4_gmail.com_cuh9c1ld8n/</server_url_front_page>
	<no_www_url>bitlifeonline.github.io</no_www_url>
	<hosted_domain/>
	<original_archive_url>https://bitlifeonline.github.io/hide-and-smash/</original_archive_url>
	<final_archive_url>https://bitlifeonline.github.io/hide-and-smash/</final_archive_url>
	<front_page_code_date/>
	<total_urls_from_api/>
	<max_reached_live>false</max_reached_live>
	<scrape_other_captures>false</scrape_other_captures>
	<total_size>5480</total_size>
<json_from_script>7</json_from_script></pagescount>
