{"skeleton":{"hash":"xWeZoyWftUmC5LIxaMbN1M/nC0A","spine":"3.6.53","width":300.19,"height":455.87},"bones":[{"name":"root"},{"name":"torso","parent":"root","length":228.97,"rotation":98.39,"x":63.54,"y":29.96},{"name":"collar","parent":"torso","rotation":-8.39,"x":211.62,"y":3.63,"transform":"noScale"},{"name":"chainLink","parent":"collar","rotation":90,"x":33.33,"y":-54.4,"transform":"noRotationOrReflection"},{"name":"head","parent":"torso","length":91.83,"rotation":90,"x":229.12,"y":0.01,"transform":"onlyTranslation"},{"name":"left ear","parent":"head","length":25.51,"rotation":-33.4,"x":88.9,"y":-5.84},{"name":"left ear bone 1","parent":"left ear","length":38.82,"rotation":-22.59,"x":25.47,"y":-0.09},{"name":"left front leg attatchment","parent":"torso","rotation":1.99,"x":151.17,"y":-2.6,"transform":"noScale"},{"name":"paw target","parent":"root","x":41.81,"y":-7.71},{"name":"left front leg","parent":"left front leg attatchment","length":141.94,"rotation":173.04,"x":-0.33,"y":0.06},{"name":"paw","parent":"left front leg","length":47.79,"rotation":-15.23,"x":140.6,"y":0.12},{"name":"piston target","parent":"head","x":63.12,"y":44.81,"shearY":-0.07},{"name":"piston","parent":"torso","rotation":4.78,"x":92.89,"y":18.59,"transform":"noScale"},{"name":"right ear","parent":"head","length":24.79,"rotation":15.69,"x":102.97,"y":56.08},{"name":"right ear bone 1","parent":"right ear","length":21.63,"rotation":32.66,"x":24.33,"y":0.17},{"name":"right front leg target","parent":"torso","rotation":1.99,"x":159.1,"y":57.62},{"name":"right front leg","parent":"root","length":157.64,"rotation":88.14,"x":-23.02,"y":13.69},{"name":"shadow","parent":"root"},{"name":"tail","parent":"root","length":62.16,"rotation":79.9,"x":164.06,"y":30.13},{"name":"tail bone 1","parent":"tail","length":44.88,"rotation":-19.67,"x":62.26,"y":0.13},{"name":"tail bone 2","parent":"tail bone 1","length":23.56,"rotation":-31.9,"x":44.79,"y":0.17},{"name":"tail bone 3","parent":"tail bone 2","length":21.88,"rotation":-61.55,"x":23.77,"y":-0.3},{"name":"tear","parent":"head","x":58.9,"y":47.48},{"name":"toe 1","parent":"root","length":17.59,"rotation":-140.58,"x":53.29,"y":-11.65,"transform":"noRotationOrReflection"},{"name":"toe 2","parent":"root","length":18.55,"rotation":-146.55,"x":41.65,"y":-8.59,"transform":"noRotationOrReflection"},{"name":"toe 3","parent":"root","length":17.99,"rotation":-145.62,"x":30.98,"y":-4.53,"transform":"noRotationOrReflection"},{"name":"wire 1 target","parent":"head","x":79.25,"y":47.82},{"name":"wire 1","parent":"torso","rotation":4.78,"x":98.68,"y":34.32,"transform":"noScale"},{"name":"wire 2 target","parent":"head","x":47.81,"y":40.94},{"name":"wire 2","parent":"torso","rotation":1.99,"x":99.86,"y":13.58,"transform":"noScale"},{"name":"wire 3 target","parent":"head","x":32.29,"y":37.67},{"name":"wire 3","parent":"torso","rotation":1.99,"x":97.96,"y":45.69,"transform":"noScale"},{"name":"wire 4 target","parent":"head","x":16.37,"y":33.86},{"name":"wire 4","parent":"torso","rotation":1.99,"x":99.42,"y":24.09,"transform":"noScale"},{"name":"zipper","parent":"torso","rotation":101.61,"x":94.61,"y":43.22,"transform":"onlyTranslation"}],"slots":[{"name":"shadow","bone":"shadow","attachment":"shadow"},{"name":"tail","bone":"tail bone 3","attachment":"tail"},{"name":"tail path","bone":"root","attachment":"tail path"},{"name":"rightBackLeg","bone":"root","attachment":"rightBackLeg"},{"name":"rightFrontLeg","bone":"right front leg","attachment":"rightFrontLeg"},{"name":"rightTorso","bone":"torso","attachment":"rightTorso"},{"name":"wire4","bone":"wire 4","attachment":"wire4"},{"name":"wire3","bone":"wire 3","attachment":"wire3"},{"name":"wire2","bone":"wire 2","attachment":"wire2"},{"name":"piston","bone":"piston","attachment":"piston"},{"name":"wire1","bone":"wire 1","attachment":"wire1"},{"name":"leftTorso","bone":"torso","attachment":"leftTorso"},{"name":"zipper","bone":"zipper","attachment":"zipper"},{"name":"leftBackLeg","bone":"root","attachment":"leftBackLeg"},{"name":"joint","bone":"left front leg","attachment":"joint"},{"name":"paw","bone":"paw","attachment":"paw"},{"name":"leftFrontLeg","bone":"left front leg","attachment":"leftFrontLeg"},{"name":"toe3","bone":"toe 3","attachment":"toe3"},{"name":"toe2","bone":"toe 2","attachment":"toe2"},{"name":"toe1","bone":"toe 1","attachment":"toe1"},{"name":"collarChainLink","bone":"collar","attachment":"collarChainLink"},{"name":"chainLink","bone":"chainLink","attachment":"chainLink"},{"name":"collar","bone":"collar","attachment":"collar"},{"name":"teeth","bone":"head"},{"name":"right ear up","bone":"right ear bone 1","attachment":"rightEarUp"},{"name":"rightEye","bone":"head","attachment":"rightEyeAngry"},{"name":"head","bone":"head","attachment":"headMouthClosed"},{"name":"leftEye","bone":"head","attachment":"leftEyeAngry"},{"name":"tear","bone":"tear"},{"name":"left ear","bone":"left ear bone 1","attachment":"leftEarUp"}],"ik":[{"name":"left front leg","order":6,"bones":["left front leg","paw"],"target":"paw target","bendPositive":false},{"name":"piston","order":5,"bones":["piston"],"target":"piston target"},{"name":"right front leg","order":0,"bones":["right front leg"],"target":"right front leg target"},{"name":"wire 1","order":4,"bones":["wire 1"],"target":"wire 1 target"},{"name":"wire 2","order":1,"bones":["wire 2"],"target":"wire 2 target"},{"name":"wire 3","order":2,"bones":["wire 3"],"target":"wire 3 target"},{"name":"wire 4","order":3,"bones":["wire 4"],"target":"wire 4 target"}],"transform":[{"name":"collar","order":8,"bones":["collar"],"target":"head","rotateMix":0.6,"translateMix":0,"scaleMix":0,"shearMix":0}],"path":[{"name":"tail path","order":7,"bones":["tail","tail bone 1","tail bone 2","tail bone 3"],"target":"tail path","rotateMode":"chainScale"}],"skins":{"default":{"chainLink":{"chainLink":{"x":-10.8,"y":-0.73,"rotation":-90,"width":24,"height":33}},"collar":{"collar":{"x":14.32,"y":-2.65,"rotation":-90,"width":111,"height":40}},"collarChainLink":{"collarChainLink":{"x":29.33,"y":-42.79,"rotation":-90,"width":30,"height":11}},"head":{"headMouthAngry":{"type":"mesh","uvs":[1,0.57855,0.93927,0.75116,0.82821,0.83828,0.69799,0.88924,0.65587,0.93527,0.43119,0.94842,0.31374,1,0.19119,1,0.09416,0.93527,0,0.78896,0,0.40266,0.19502,0.36485,0.29331,0.26622,0.34055,0.07883,0.45544,0,0.70438,0,0.83587,0.06732,0.95204,0.18239,1,0.35664,0.06233,0.80737,0.12488,0.79258,0.19382,0.81395,0.2768,0.8534,0.36744,0.83696,0.4185,0.79916,0.46701,0.70546,0.5385,0.63313,0.6202,0.62162,0.67765,0.67094,0.6802,0.76299,0.63935,0.83696,0.55127,0.86984,0.45552,0.8534,0.42361,0.66272,0.48871,0.57231,0.62659,0.52135,0.75041,0.62655,0.73893,0.78929,0.69807,0.54765,0.75552,0.70874,0.55127,0.52957,0.38148,0.74162,0.32276,0.77943,0.20589,0.72354,0.0863,0.71088,0.38611,0.51258,0.28289,0.60962,0.7367,0.35225,0.88579,0.59274],"triangles":[47,15,16,47,16,17,47,17,18,14,12,13,47,45,12,11,12,45,12,14,47,47,14,15,47,40,45,35,40,47,38,35,47,34,45,40,48,47,18,48,38,47,18,0,48,46,11,45,27,40,35,27,35,38,36,38,48,28,27,38,26,34,40,26,40,27,33,45,34,33,34,26,46,45,33,36,28,38,25,33,26,39,36,48,28,36,39,46,44,10,46,10,11,43,44,46,41,46,33,41,33,25,42,43,46,1,48,0,39,48,1,29,28,39,41,42,46,9,10,44,37,29,39,2,37,39,20,44,43,19,9,44,24,41,25,23,42,41,20,19,44,21,20,43,21,43,42,24,23,41,26,28,29,28,26,27,29,25,26,30,25,29,32,24,25,1,2,39,22,21,42,22,42,23,25,31,32,23,24,32,30,31,25,37,30,29,3,37,2,3,30,37,8,19,20,8,20,21,9,19,8,4,30,3,31,30,4,5,23,32,5,32,31,5,31,4,7,8,21,7,21,22,6,22,23,6,23,5,7,22,6],"vertices":[27.49,-36.14,2.29,-24.72,-10.43,-3.84,-17.87,20.64,-24.59,28.56,-26.51,70.8,-34.04,92.88,-34.04,115.92,-24.59,134.16,-3.23,151.86,53.17,151.86,58.69,115.2,73.09,96.72,100.45,87.84,111.96,66.24,111.96,19.44,102.13,-5.28,85.33,-27.12,59.89,-36.14,-5.92,140.14,-3.76,128.38,-6.88,115.42,-12.64,99.82,-10.24,82.78,-4.72,73.18,8.96,64.06,19.52,50.62,21.2,35.26,14,24.46,0.56,23.98,-10.24,31.66,-15.04,48.22,-12.64,66.22,15.2,72.22,28.4,59.98,35.84,34.06,20.48,10.78,-3.28,12.94,32,20.62,8.48,9.82,34.64,48.22,3.68,80.14,-1.84,91.18,6.32,113.15,8.17,135.64,37.12,79.27,22.95,98.68,60.53,13.36,25.42,-14.67],"hull":19},"headMouthClosed":{"type":"mesh","uvs":[1,0.57749,0.93927,0.74775,0.82821,0.83369,0.68899,0.89253,0.61574,0.88103,0.43119,0.94234,0.31374,0.99322,0.19119,0.99322,0.09416,0.92936,0,0.78505,0,0.40398,0.19502,0.36669,0.29331,0.26939,0.34055,0.08454,0.45544,0.00678,0.70438,0.00678,0.83587,0.07319,0.95204,0.1867,1,0.35858,0.06233,0.80321,0.12488,0.78861,0.19382,0.80969,0.2768,0.84861,0.36793,0.83835,0.38391,0.74633,0.48974,0.77409,0.52725,0.67419,0.6022,0.65427,0.66415,0.67433,0.59245,0.75943,0.67535,0.81525,0.55127,0.86483,0.43977,0.8086,0.45286,0.71195,0.48871,0.57133,0.62659,0.52106,0.75041,0.62484,0.74216,0.82435,0.69807,0.547,0.73077,0.73735,0.55127,0.52917,0.38373,0.68976,0.30026,0.76707,0.20589,0.72051,0.0863,0.70802,0.38611,0.51241,0.28289,0.60813,0.80645,0.37712,0.88579,0.59148],"triangles":[47,15,16,47,16,17,47,17,18,14,12,13,45,12,40,11,12,45,14,15,47,47,12,14,47,35,12,35,40,12,38,35,47,34,45,40,48,47,18,48,38,47,18,0,48,46,11,45,36,38,48,27,40,35,27,35,38,28,27,38,34,40,27,26,34,27,36,28,38,41,46,45,41,45,34,33,41,34,46,44,10,46,10,11,26,33,34,43,44,46,42,43,46,39,28,36,24,41,33,41,42,46,1,48,0,29,26,27,29,27,28,29,28,39,24,42,41,25,33,26,25,26,29,9,10,44,20,44,43,19,9,44,20,19,44,32,24,33,32,33,25,21,20,43,21,43,42,30,29,39,39,2,37,30,39,37,36,48,1,1,39,36,1,2,39,23,42,24,23,24,32,22,21,42,22,42,23,31,25,29,4,31,29,32,25,31,30,4,29,3,30,37,4,30,3,3,37,2,8,19,20,8,20,21,9,19,8,5,23,32,5,32,31,5,31,4,7,8,21,7,21,22,6,22,23,6,23,5,7,22,6],"vertices":[27.49,-35.84,2.29,-24.43,-10.43,-3.55,-19.14,22.63,-17.44,36.4,-26.51,71.09,-34.04,93.17,-34.04,116.21,-24.59,134.45,-3.23,152.16,53.17,152.16,58.69,115.49,73.09,97.01,100.45,88.13,111.96,66.53,111.96,19.73,102.13,-4.99,85.33,-26.83,59.89,-35.84,-5.92,140.44,-3.76,128.68,-6.88,115.72,-12.64,100.12,-11.12,82.99,2.5,79.98,-1.61,60.09,13.18,53.03,16.13,38.94,13.16,27.3,0.56,40.78,-7.7,25.19,-15.04,48.52,-6.72,69.48,7.59,67.02,28.4,60.28,35.84,34.36,20.48,11.08,-9.05,12.63,32,20.92,3.83,14.77,34.64,48.52,10.87,80.02,-0.57,95.71,6.32,113.45,8.17,135.93,37.12,79.57,22.95,98.97,57.15,0.54,25.42,-14.37],"hull":19},"headMouthOh":{"type":"mesh","uvs":[1,0.57749,0.93927,0.74775,0.82821,0.83369,0.69799,0.88396,0.5696,0.85846,0.46924,0.89829,0.31374,0.99322,0.21765,0.9966,0.16794,0.96241,0.09366,0.94028,0.03717,0.8698,0.0243,0.81111,0,0.8025,0,0.74601,1.0E-5,0.66443,0,0.40398,0.19502,0.36669,0.29331,0.26939,0.34055,0.08454,0.45544,0.00678,0.70438,0.00678,0.83587,0.07319,0.95204,0.1867,1,0.35858,0.21054,0.73851,0.23637,0.83449,0.36744,0.83239,0.28197,0.77345,0.08396,0.68065,0.10411,0.87382,0.05914,0.77369,0.13039,0.76214,0.17789,0.79487,0.17738,0.8443,0.14605,0.88281,0.07278,0.83274,0.09047,0.74545,0.03332,0.71113,0.14374,0.69801,0.22336,0.9149,0.30472,0.85585,0.12233,0.62738,0.30598,0.70748],"triangles":[23,21,22,41,15,16,14,15,41,28,14,41,41,24,38,28,41,38,23,42,17,16,17,42,42,41,16,17,18,19,19,20,17,37,14,28,42,24,41,36,28,38,37,28,36,13,14,37,17,20,21,0,1,23,31,36,38,31,38,24,27,24,42,17,21,23,23,2,42,30,37,36,13,37,30,32,31,24,12,13,30,11,12,30,42,4,26,27,42,26,31,35,30,31,30,36,11,30,35,23,1,2,25,24,27,32,24,25,32,35,31,33,32,25,33,35,32,40,27,26,25,27,40,2,4,42,10,11,35,29,35,33,10,35,29,34,29,33,3,4,2,5,26,4,39,33,25,39,25,40,34,33,39,9,10,29,9,29,34,8,34,39,9,34,8,6,40,26,6,26,5,39,40,6,7,8,39,7,39,6],"vertices":[27.49,-36.14,2.29,-24.72,-10.43,-3.84,-17.87,20.64,-14.1,44.78,-19.99,63.64,-34.04,92.88,-34.54,110.94,-29.48,120.29,-26.2,134.25,-15.77,144.87,-7.09,147.29,-6.01,151.84,2.38,151.84,14.49,151.84,53.17,151.86,58.69,115.2,73.09,96.72,100.45,87.84,111.96,66.24,111.96,19.44,102.13,-5.28,85.33,-27.12,59.89,-36.14,3.66,112.28,-10.55,107.42,-10.24,82.78,-1.51,98.85,12.22,136.08,-16.37,132.29,-1.55,140.74,0.16,127.35,-4.68,118.42,-12,118.51,-17.7,124.4,-10.29,138.18,2.63,134.85,7.71,145.6,9.65,124.84,-22.45,109.87,-13.71,94.57,20.11,128.86,8.25,94.34],"hull":24}},"joint":{"joint":{"x":138.62,"y":-8.85,"rotation":87.12,"width":18,"height":28}},"left ear":{"leftEarDown":{"x":-31.53,"y":-29.95,"rotation":-34.01,"width":108,"height":133},"leftEarUp":{"type":"mesh","uvs":[1,0.99296,0,0.99296,0,0.00704,1,0.00704],"triangles":[1,3,0,1,2,3],"vertices":[1,5,7.98,-51.86,1,2,5,-25.05,-1.76,0.99968,6,-44.13,-32.2,3.2E-4,2,5,33.59,36.73,0.98182,6,-17.37,34.85,0.01818,1,6,42.9,3.51,1],"hull":4}},"leftBackLeg":{"leftBackLeg":{"x":110.44,"y":55.64,"width":108,"height":123}},"leftEye":{"leftEyeAngry":{"x":73,"y":45.58,"rotation":-90,"width":70,"height":57},"leftEyeClosed":{"x":74.05,"y":46.36,"rotation":-90,"width":59,"height":49},"leftEyeLaser":{"x":73,"y":47.11,"rotation":-90,"width":73,"height":57},"leftEyeOpen":{"x":81.94,"y":47.08,"rotation":-90,"width":73,"height":63},"leftEyeSad":{"x":75.36,"y":47.08,"rotation":-90,"width":79,"height":82}},"leftFrontLeg":{"leftFrontLeg":{"x":66.16,"y":12.95,"rotation":87.12,"width":82,"height":184}},"leftTorso":{"leftTorso":{"x":115.95,"y":-15.92,"rotation":-98.39,"width":116,"height":242}},"paw":{"paw":{"x":27.16,"y":-2.83,"rotation":101.37,"width":48,"height":73}},"piston":{"piston":{"x":82.97,"y":1.66,"rotation":-106.39,"width":54,"height":129}},"right ear up":{"rightEarDown":{"x":-14.33,"y":9.9,"rotation":-138.35,"width":40,"height":27},"rightEarUp":{"type":"mesh","uvs":[1,1,0,1,0,0,1,0],"triangles":[1,2,3,1,3,0],"vertices":[1,13,-14.75,-14.1,1,2,14,-16.1,35.33,0.01094,13,-3.06,27.36,0.98906,1,14,24.76,0.28,1,2,14,-2.55,-29.02,0.368,13,30.79,-28.79,0.632],"hull":4}},"rightBackLeg":{"rightBackLeg":{"x":30.03,"y":72.69,"width":79,"height":91}},"rightEye":{"rightEyeAngry":{"x":83.39,"y":80.82,"rotation":-90,"width":48,"height":53},"rightEyeClosed":{"x":83.39,"y":80.82,"rotation":-90,"width":47,"height":53},"rightEyeOpen":{"x":83.39,"y":80.82,"rotation":-90,"width":46,"height":53},"rightEyeSad":{"x":83.39,"y":82.32,"rotation":-90,"width":49,"height":53}},"rightFrontLeg":{"rightFrontLeg":{"x":83.4,"y":2.98,"rotation":-88.14,"width":67,"height":199}},"rightTorso":{"rightTorso":{"x":137.76,"y":32.48,"rotation":-98.39,"width":120,"height":217}},"shadow":{"shadow":{"x":48.63,"y":4.85,"width":259,"height":123}},"tail":{"tail":{"type":"mesh","uvs":[0,1,0,0.76302,0.1436,0.3679,0.39065,0.10317,0.63083,1.0E-5,0.87058,0,1,0.09395,1,0.27702,0.85235,0.38634,0.65188,0.37975,0.5,0.29283,0.33395,0.45614,0.18005,0.7696,0.12133,1],"triangles":[7,8,5,8,9,5,9,4,5,5,6,7,10,4,9,10,3,4,11,12,2,10,11,3,11,2,3,12,13,1,13,0,1,12,1,2],"vertices":[1,18,-4.49,3.67,1,1,18,23.58,9.63,1,2,18,72.71,8.33,0.03385,19,7.78,11.17,0.96615,2,19,46.15,9.88,0.63748,20,-6.13,7.99,0.36252,2,20,16.57,14.62,0.97413,21,-16.05,2.57,0.02587,2,20,35.48,9.12,0.13766,21,-1.07,14.71,0.86234,1,21,14.38,12.31,1,3,19,51.42,-43.09,0.01465,20,35.62,-26.49,0.01708,21,28.75,-5.13,0.96827,3,19,33.77,-39.38,0.11513,20,20,-35.98,0.12597,21,28.1,-23.02,0.7589,3,19,26.57,-25,0.29494,20,4.43,-30.6,0.22417,21,15.06,-32.54,0.48088,3,19,29.97,-9.17,0.78879,20,-4.4,-16.87,0.11964,21,-1.25,-31.94,0.09157,2,18,65.32,-8.8,0.228,19,5.76,-7.42,0.772,1,18,25.7,-4.64,1,1,18,-2.54,-5.83,1],"hull":14}},"tail path":{"tail path":{"type":"path","lengths":[150.92,303.9],"vertexCount":6,"vertices":[97.86,9.14,102.01,42.43,116.37,157.65,156.12,164.1,174.59,137.2,193.58,109.55]}},"tear":{"tear":{"x":-0.72,"y":-1.76,"rotation":-90,"width":25,"height":12}},"teeth":{"teeth":{"x":4.01,"y":47.26,"rotation":-90,"width":85,"height":51}},"toe1":{"toe1":{"x":9.73,"y":1.2,"rotation":140.88,"width":26,"height":23}},"toe2":{"toe2":{"x":10.63,"y":0.45,"rotation":146.55,"width":25,"height":21}},"toe3":{"toe3":{"x":10,"y":1.49,"rotation":145.62,"width":23,"height":20}},"wire1":{"wire1":{"x":68.52,"y":-20.83,"rotation":-97.34,"width":38,"height":147}},"wire2":{"wire2":{"x":62.08,"y":11.95,"rotation":-106.67,"width":45,"height":137}},"wire3":{"wire3":{"x":62.42,"y":-9.35,"rotation":-90.5,"width":26,"height":139}},"wire4":{"wire4":{"x":61.42,"y":14.63,"rotation":-100.31,"width":35,"height":118}},"zipper":{"zipper":{"x":-13.64,"y":-1.49,"rotation":-100,"width":25,"height":37}}}},"animations":{"chain rattle":{"bones":{"chainLink":{"rotate":[{"time":0,"angle":0,"curve":[0.25,0,0.75,1]},{"time":0.3667,"angle":-39.97,"curve":[0.25,0,0.75,1]},{"time":0.7,"angle":15.67,"curve":[0.25,0,0.75,1]},{"time":0.9333,"angle":-5.74,"curve":[0.25,0,0.75,1]},{"time":1.1,"angle":-0.86}]}}},"ears normalise":{"slots":{"left ear":{"attachment":[{"time":0,"name":"leftEarUp"}]},"right ear up":{"attachment":[{"time":0,"name":"rightEarUp"}]}},"bones":{"left ear":{"rotate":[{"time":0,"angle":0}],"scale":[{"time":0,"x":1,"y":1}]},"left ear bone 1":{"rotate":[{"time":0,"angle":0}],"scale":[{"time":0,"x":1,"y":1}]},"right ear":{"rotate":[{"time":0,"angle":0}],"scale":[{"time":0,"x":1,"y":1}]},"right ear bone 1":{"rotate":[{"time":0,"angle":0}],"scale":[{"time":0,"x":1,"y":1}]}}},"ears relax":{"slots":{"left ear":{"attachment":[{"time":0,"name":"leftEarUp"}]},"right ear up":{"attachment":[{"time":0,"name":"rightEarUp"}]}},"bones":{"left ear":{"rotate":[{"time":0,"angle":-10.31}],"scale":[{"time":0,"x":0.9,"y":1}]},"left ear bone 1":{"rotate":[{"time":0,"angle":-22.04}],"scale":[{"time":0,"x":1,"y":1}]},"right ear":{"rotate":[{"time":0,"angle":22.58}],"scale":[{"time":0,"x":0.9,"y":1}]},"right ear bone 1":{"rotate":[{"time":0,"angle":25.36}],"scale":[{"time":0,"x":1,"y":1}]}}},"ears sad":{"slots":{"left ear":{"attachment":[{"time":0,"name":"leftEarDown"}]},"right ear up":{"attachment":[{"time":0,"name":"rightEarDown"}]}},"bones":{"right ear bone 1":{"rotate":[{"time":0,"angle":0}],"scale":[{"time":0,"x":1,"y":1}]},"left ear bone 1":{"rotate":[{"time":0,"angle":0}],"scale":[{"time":0,"x":1,"y":1}]},"left ear":{"rotate":[{"time":0,"angle":0}],"scale":[{"time":0,"x":1,"y":1}]},"right ear":{"rotate":[{"time":0,"angle":0}],"scale":[{"time":0,"x":1,"y":1}]}}},"ears tense":{"slots":{"left ear":{"attachment":[{"time":0,"name":"leftEarUp"}]},"right ear up":{"attachment":[{"time":0,"name":"rightEarUp"}]}},"bones":{"left ear":{"rotate":[{"time":0,"angle":10.71}],"scale":[{"time":0,"x":1.2,"y":1}]},"left ear bone 1":{"rotate":[{"time":0,"angle":15.71}],"scale":[{"time":0,"x":1,"y":1}]},"right ear":{"rotate":[{"time":0,"angle":-3.27}],"scale":[{"time":0,"x":1.2,"y":1}]},"right ear bone 1":{"rotate":[{"time":0,"angle":-25.59}],"scale":[{"time":0,"x":1,"y":1}]}}},"eyes close":{"slots":{"leftEye":{"attachment":[{"time":0,"name":"leftEyeClosed"}]},"rightEye":{"attachment":[{"time":0,"name":"rightEyeClosed"}]},"tear":{"attachment":[{"time":0,"name":null}]}}},"eyes laser":{"slots":{"leftEye":{"attachment":[{"time":0,"name":"leftEyeLaser"}]},"rightEye":{"attachment":[{"time":0,"name":"rightEyeClosed"}]},"tear":{"attachment":[{"time":0,"name":null}]}}},"eyes normalise":{"slots":{"leftEye":{"attachment":[{"time":0,"name":"leftEyeAngry"}]},"rightEye":{"attachment":[{"time":0,"name":"rightEyeAngry"}]},"tear":{"attachment":[{"time":0,"name":null}]}}},"eyes open":{"slots":{"leftEye":{"attachment":[{"time":0,"name":"leftEyeOpen"}]},"rightEye":{"attachment":[{"time":0,"name":"rightEyeOpen"}]},"tear":{"attachment":[{"time":0,"name":null}]}}},"eyes sad":{"slots":{"leftEye":{"attachment":[{"time":0,"name":"leftEyeSad"},{"time":0.1,"name":"leftEyeSad"}]},"rightEye":{"attachment":[{"time":0,"name":"rightEyeSad"},{"time":0.1,"name":"rightEyeSad"}]},"tear":{"attachment":[{"time":0,"name":"tear"},{"time":0.1,"name":"tear"},{"time":0.2,"name":"tear"}]}},"bones":{"tear":{"scale":[{"time":0,"x":1,"y":1,"curve":[0.382,0,0.62,1]},{"time":0.1,"x":0.723,"y":1.076,"curve":[0.382,0,0.62,1]},{"time":0.2,"x":1,"y":1}]}}},"head lower":{"bones":{"head":{"rotate":[{"time":0,"angle":14.24}]}}},"head normalise":{"bones":{"head":{"rotate":[{"time":0,"angle":0}]}}},"head raise":{"bones":{"head":{"rotate":[{"time":0,"angle":-51.9}]}}},"mouth anger":{"slots":{"head":{"attachment":[{"time":0,"name":"headMouthAngry"}]},"teeth":{"attachment":[{"time":0,"name":"teeth"}]}},"deform":{"default":{"head":{"headMouthAngry":[{"time":0},{"time":0.0667,"offset":6,"vertices":[0.43201,0.53999,1.188,1.62,1.07999,-1.188,1.90298,-0.692,0,0,0,0,0,0,0,0,0,0,0,0,0,0,0,0,0,0,0,0,0,0,0,0,0,0,-0.308,-1.84799,-0.924,-2.46399,-0.519,-1.55701,-1.55701,-0.34601,0,0,-2.80798,-0.75601,-3.88799,-1.29601,-3.56398,-0.97202,-2.59201,1.62,-0.64799,1.51199,0.864,0.756,1.836,0.432,0.64799,-0.32401,-0.32399,0.216,-2.48399,-0.32401,-3.88799,0.86401,-1.72798,3.02399,0.43201,0.43199,-4.10399,1.29599,-0.43199,2.052,-3.77998,0.216,-0.324,-0.216,-0.51901,-0.69199]},{"time":0.1333}]}}}},"mouth howl":{"slots":{"head":{"attachment":[{"time":0,"name":"headMouthOh"}]}},"deform":{"default":{"head":{"headMouthOh":[{"time":0,"curve":[0.462,0,0.544,1]},{"time":0.2667,"offset":10,"vertices":[-0.382,1.71899,4.38887,3.63997,4.61385,5.062,4.25098,8.59796,3.10501,8.38982,-0.17201,8.7359,-0.20792,9.15187,-0.51994,7.79994,-0.83188,9.46381,0,0,0,0,0,0,0,0,0,0,0,0,0,0,0,0,0,0,0,0,-2.82895,3.72897,-1.35202,7.79991,-0.62399,1.55998,-0.93599,1.76799,-5.6879,5.28694,1.12889,11.99583,-3.53587,9.56789,-3.34695,10.98784,-2.75499,13.08682,0.12288,13.72783,2.793,12.41182,-0.41402,10.46988,-4.99196,10.71188,-3.43195,5.40796,-5.151,4.57599,4.17889,10.6779,0.10397,2.392]}]}}}},"mouth normalise":{"slots":{"head":{"attachment":[{"time":0,"name":"headMouthClosed"}]},"teeth":{"attachment":[{"time":0,"name":null}]}}},"mouth oh":{"slots":{"head":{"attachment":[{"time":0,"name":"headMouthOh"}]},"teeth":{"attachment":[{"time":0,"name":null}]}}},"mouth sad":{"slots":{"head":{"attachment":[{"time":0,"name":"headMouthClosed"}]},"teeth":{"attachment":[{"time":0,"name":null}]}},"deform":{"default":{"head":{"headMouthClosed":[{"time":0,"curve":[0.381,0,0.691,0.5]},{"time":0.0667,"offset":6,"vertices":[-1.33701,-1.14612,-0.76401,-0.19101,-0.95084,-0.42177,-2.65518,-0.94283,-3.53271,-2.06078,-3.43799,-0.95503,0,0,0,0,0,0,0,0,0,0,0,0,0,0,0,0,0,0,0,0,-3.62906,-1.33701,-3.24695,-0.95502,-3.24701,-2.48299,-2.29205,-2.483,-2.29202,-1.33699,-0.47562,-0.73364,-0.99902,-0.91936,-0.89108,-0.03349,-1.146,2.0E-5,-1.146,3.0E-5,-0.95505,-0.19099,-0.95502,-0.57297,-0.95499,-0.19098,-1.46832,-1.13976,-0.73996,-0.22867,-0.38199,-0.382,-0.573,3.0E-5,-0.573,0.38202,-1.14603,-0.57297,-0.76398,3.0E-5,-0.95499,-0.19104,-0.573,-0.19102,0,0,-1.39719,-1.05179,-1.33701,0.19101,-1.14597],"curve":[0.31,0.5,0.62,1]},{"time":0.1333}]}}}},"sad animation for movie export":{"slots":{"head":{"attachment":[{"time":0,"name":"headMouthClosed"}]},"left ear":{"attachment":[{"time":0,"name":"leftEarDown"}]},"leftEye":{"attachment":[{"time":0,"name":"leftEyeSad"},{"time":0.1,"name":"leftEyeSad"}]},"right ear up":{"attachment":[{"time":0,"name":"rightEarDown"}]},"rightEye":{"attachment":[{"time":0,"name":"rightEyeSad"},{"time":0.1,"name":"rightEyeSad"}]},"tear":{"attachment":[{"time":0,"name":"tear"},{"time":0.1,"name":"tear"},{"time":0.2,"name":"tear"}]},"teeth":{"attachment":[{"time":0,"name":null}]}},"bones":{"head":{"rotate":[{"time":0,"angle":14.24}]},"tear":{"scale":[{"time":0,"x":1,"y":1,"curve":[0.382,0,0.62,1]},{"time":0.1,"x":0.723,"y":1.076,"curve":[0.382,0,0.62,1]},{"time":0.2,"x":1,"y":1,"curve":[0.382,0,0.62,1]},{"time":0.3,"x":0.723,"y":1.076,"curve":[0.388,0,0.678,0.6]},{"time":0.3667,"x":0.932,"y":1.019}]},"torso":{"rotate":[{"time":0,"angle":0}],"scale":[{"time":0,"x":0.94,"y":0.94}]},"shadow":{"translate":[{"time":0,"x":4.61,"y":0}]},"paw":{"scale":[{"time":0,"x":0.92,"y":1}]},"tail":{"scale":[{"time":0,"x":1,"y":1}]},"left ear":{"rotate":[{"time":0,"angle":0}],"scale":[{"time":0,"x":1,"y":1}]},"right ear bone 1":{"rotate":[{"time":0,"angle":0}],"scale":[{"time":0,"x":1,"y":1}]},"right ear":{"rotate":[{"time":0,"angle":0}],"scale":[{"time":0,"x":1,"y":1}]},"left ear bone 1":{"rotate":[{"time":0,"angle":0}],"scale":[{"time":0,"x":1,"y":1}]}},"deform":{"default":{"head":{"headMouthClosed":[{"time":0,"curve":[0.381,0,0.691,0.5]},{"time":0.0667,"offset":6,"vertices":[-1.33701,-1.14612,-0.76401,-0.19101,-0.95084,-0.42177,-2.65518,-0.94283,-3.53271,-2.06078,-3.43799,-0.95503,0,0,0,0,0,0,0,0,0,0,0,0,0,0,0,0,0,0,0,0,-3.62906,-1.33701,-3.24695,-0.95502,-3.24701,-2.48299,-2.29205,-2.483,-2.29202,-1.33699,-0.47562,-0.73364,-0.99902,-0.91936,-0.89108,-0.03349,-1.146,2.0E-5,-1.146,3.0E-5,-0.95505,-0.19099,-0.95502,-0.57297,-0.95499,-0.19098,-1.46832,-1.13976,-0.73996,-0.22867,-0.38199,-0.382,-0.573,3.0E-5,-0.573,0.38202,-1.14603,-0.57297,-0.76398,3.0E-5,-0.95499,-0.19104,-0.573,-0.19102,0,0,-1.39719,-1.05179,-1.33701,0.19101,-1.14597],"curve":[0.31,0.5,0.62,1]},{"time":0.1333,"curve":[0.382,0,0.62,1]},{"time":0.2,"offset":6,"vertices":[-1.33701,-1.14612,-0.76401,-0.19101,-0.95084,-0.42177,-2.65518,-0.94283,-3.53271,-2.06078,-3.43799,-0.95503,0,0,0,0,0,0,0,0,0,0,0,0,0,0,0,0,0,0,0,0,-3.62906,-1.33701,-3.24695,-0.95502,-3.24701,-2.48299,-2.29205,-2.483,-2.29202,-1.33699,-0.47562,-0.73364,-0.99902,-0.91936,-0.89108,-0.03349,-1.146,2.0E-5,-1.146,3.0E-5,-0.95505,-0.19099,-0.95502,-0.57297,-0.95499,-0.19098,-1.46832,-1.13976,-0.73996,-0.22867,-0.38199,-0.382,-0.573,3.0E-5,-0.573,0.38202,-1.14603,-0.57297,-0.76398,3.0E-5,-0.95499,-0.19104,-0.573,-0.19102,0,0,-1.39719,-1.05179,-1.33701,0.19101,-1.14597],"curve":[0.31,0.5,0.62,1]},{"time":0.2667,"curve":[0.382,0,0.62,1]},{"time":0.3333,"offset":6,"vertices":[-1.33701,-1.14612,-0.76401,-0.19101,-0.95084,-0.42177,-2.65518,-0.94283,-3.53271,-2.06078,-3.43799,-0.95503,0,0,0,0,0,0,0,0,0,0,0,0,0,0,0,0,0,0,0,0,-3.62906,-1.33701,-3.24695,-0.95502,-3.24701,-2.48299,-2.29205,-2.483,-2.29202,-1.33699,-0.47562,-0.73364,-0.99902,-0.91936,-0.89108,-0.03349,-1.146,2.0E-5,-1.146,3.0E-5,-0.95505,-0.19099,-0.95502,-0.57297,-0.95499,-0.19098,-1.46832,-1.13976,-0.73996,-0.22867,-0.38199,-0.382,-0.573,3.0E-5,-0.573,0.38202,-1.14603,-0.57297,-0.76398,3.0E-5,-0.95499,-0.19104,-0.573,-0.19102,0,0,-1.39719,-1.05179,-1.33701,0.19101,-1.14597],"curve":[0.327,0.36,0.654,0.73]},{"time":0.3667,"offset":6,"vertices":[-0.38061,-0.32627,-0.21749,-0.05438,-0.27068,-0.12007,-0.75587,-0.2684,-1.00568,-0.58665,-0.97871,-0.27188,0,0,0,0,0,0,0,0,0,0,0,0,0,0,0,0,0,0,0,0,-1.03311,-0.38061,-0.92433,-0.27187,-0.92435,-0.70685,-0.65249,-0.70685,-0.65248,-0.38061,-0.1354,-0.20885,-0.2844,-0.26172,-0.25367,-0.00953,-0.32624,0,-0.32624,1.0E-5,-0.27188,-0.05437,-0.27187,-0.16311,-0.27186,-0.05437,-0.418,-0.32446,-0.21065,-0.0651,-0.10874,-0.10875,-0.16312,1.0E-5,-0.16312,0.10875,-0.32625,-0.16311,-0.21749,1.0E-5,-0.27186,-0.05438,-0.16312,-0.05438,0,0,-0.39775,-0.29942,-0.38061,0.05438,-0.32623]}]},"tail path":{"tail path":[{"time":0,"vertices":[-0.02825,0.00355,0,0,-1.49204,-12.68204,-16.86406,-25.69044,-22.34064,-84.35049,-36.56509,-88.07999]}]}}}},"toes roll":{"bones":{"toe 2":{"rotate":[{"time":0,"angle":0,"curve":[0.156,0,0.459,1]},{"time":0.3333,"angle":-18.99,"curve":[0.544,0,0.844,1]},{"time":0.5333,"angle":0}],"shear":[{"time":0,"x":0,"y":0,"curve":[0.156,0,0.459,1]},{"time":0.3333,"x":0,"y":23.59,"curve":[0.544,0,0.844,1]},{"time":0.5333,"x":0,"y":0}]},"toe 3":{"rotate":[{"time":0,"angle":0,"curve":[0.156,0,0.471,1]},{"time":0.4333,"angle":-20.36,"curve":[0.544,0,0.844,1]},{"time":0.6333,"angle":0}],"shear":[{"time":0,"x":0,"y":0,"curve":[0.156,0,0.471,1]},{"time":0.4333,"x":0,"y":22.28,"curve":[0.544,0,0.844,1]},{"time":0.6333,"x":0,"y":0}]},"toe 1":{"rotate":[{"time":0,"angle":0,"curve":[0.158,0,0.482,1]},{"time":0.2333,"angle":-24.82,"curve":[0.544,0,0.844,1]},{"time":0.4333,"angle":0}],"scale":[{"time":0,"x":1,"y":1,"curve":[0.25,0,0.75,1]},{"time":0.2333,"x":0.93,"y":1,"curve":[0.25,0,0.75,1]},{"time":0.4333,"x":1,"y":1}],"shear":[{"time":0,"x":0,"y":0,"curve":[0.158,0,0.482,1]},{"time":0.2333,"x":7.76,"y":26.9,"curve":[0.544,0,0.844,1]},{"time":0.4333,"x":0,"y":0}]}}},"torso breathe":{"bones":{"torso":{"scale":[{"time":0,"x":1,"y":1,"curve":[0.69,0,0.618,1]},{"time":0.8333,"x":0.98,"y":0.98,"curve":[0.545,0,0.538,1]},{"time":1.6667,"x":1,"y":1}]},"paw":{"scale":[{"time":0,"x":1,"y":1,"curve":[0.69,0,0.618,1]},{"time":0.8333,"x":0.98,"y":1,"curve":[0.545,0,0.538,1]},{"time":1.6667,"x":1,"y":1}]},"tail":{"scale":[{"time":0,"x":1,"y":1}]},"shadow":{"translate":[{"time":0,"x":0,"y":0}]}},"deform":{"default":{"tail path":{"tail path":[{"time":0,"offset":6,"vertices":[-1.42937,0.92218,-1.75214,0.64553,-2.11671,0.41997],"curve":[0.15,0.2,0.695,1]},{"time":0.2667,"curve":[0.538,0,0.703,1]},{"time":1.0667,"offset":6,"vertices":[-10.66388,6.87992,-13.0719,4.81598,-15.79177,3.13322],"curve":[0.311,0,0.854,0.8]},{"time":1.6667,"offset":6,"vertices":[-1.42937,0.92218,-1.75214,0.64553,-2.11671,0.41997]}]}}}},"torso excite":{"bones":{"torso":{"rotate":[{"time":0,"angle":4.47}],"scale":[{"time":0,"x":1,"y":1}]},"paw":{"scale":[{"time":0,"x":1,"y":1}]},"tail":{"scale":[{"time":0,"x":1,"y":1}]},"shadow":{"translate":[{"time":0,"x":-6.92,"y":0}]}},"deform":{"default":{"tail path":{"tail path":[{"time":0,"offset":6,"vertices":[36.55391,-2.23792,29.83997,-19.39594,19.49834,-24.15464],"curve":[0.382,0,0.626,1]},{"time":0.2,"offset":6,"vertices":[-10.66388,6.87992,-13.0719,4.81598,-15.79177,3.13322],"curve":[0.396,0,0.624,1]},{"time":0.4,"offset":6,"vertices":[36.55391,-2.23792,29.83997,-19.39594,19.49834,-24.15464]}]}}}},"torso relax":{"bones":{"torso":{"rotate":[{"time":0,"angle":0}],"scale":[{"time":0,"x":0.94,"y":0.94}]},"paw":{"scale":[{"time":0,"x":0.92,"y":1}]},"tail":{"scale":[{"time":0,"x":1,"y":1}]},"shadow":{"translate":[{"time":0,"x":4.61,"y":0}]}},"deform":{"default":{"tail path":{"tail path":[{"time":0,"vertices":[-0.02825,0.00355,0,0,-1.49204,-12.68204,-16.86406,-25.69044,-22.34064,-84.35049,-36.56509,-88.07999]}]}}}},"torso tense":{"bones":{"torso":{"rotate":[{"time":0,"angle":0}],"scale":[{"time":0,"x":1,"y":1}]},"paw":{"scale":[{"time":0,"x":1,"y":1}]},"tail":{"scale":[{"time":0,"x":1.2,"y":1}]},"shadow":{"translate":[{"time":0,"x":0,"y":0}]}},"deform":{"default":{"tail path":{"tail path":[{"time":0,"vertices":[-4.05746,0.76156,0,0,17.90392,12.68192,-9.69781,30.58609,-5.22186,32.82401,-1.35902,35.91991]}]}}}}}}