{"skeleton":{"hash":"WIWAS5SP5tk","spine":"3.8-from-4.0.64","x":-495.2,"y":-88.02,"width":632.86,"height":187.05,"images":"./images/","audio":"J:/.Job_Art/.games/random/AD-games/Hide & Smash/Assets/spine"},"bones":[{"name":"root"},{"name":"border_smasher","parent":"root","x":-355.2,"y":6.54},{"name":"star_p","parent":"border_smasher","x":16.07,"y":-11.9},{"name":"star_w","parent":"border_smasher","x":-10.95,"y":14.23},{"name":"hammer_R","parent":"border_smasher","x":62.36,"y":-50.97},{"name":"hammer_L","parent":"border_smasher","x":-60.47,"y":-53.98},{"name":"border","parent":"border_smasher"},{"name":"lightning","parent":"border_smasher"},{"name":"shash","parent":"border_smasher"},{"name":"star_p2","parent":"border_smasher","x":16.07,"y":-11.9},{"name":"star_p3","parent":"border_smasher","x":16.07,"y":-11.9},{"name":"star_p4","parent":"border_smasher","x":16.07,"y":-11.9},{"name":"star_w2","parent":"border_smasher","x":-10.95,"y":14.23},{"name":"star_w3","parent":"border_smasher","x":-10.95,"y":14.23},{"name":"star_w4","parent":"border_smasher","x":-10.95,"y":14.23},{"name":"border_hider","parent":"root","x":3.16,"y":5.48},{"name":"star_p5","parent":"border_hider","x":16.07,"y":-11.9},{"name":"star_w5","parent":"border_hider","x":-10.95,"y":14.23},{"name":"key_R","parent":"border_hider","x":62.36,"y":-50.97},{"name":"key_L","parent":"border_hider","x":-60.47,"y":-53.98},{"name":"border2","parent":"border_hider"},{"name":"lightning2","parent":"border_hider"},{"name":"shash2","parent":"border_hider"},{"name":"star_p6","parent":"border_hider","x":16.07,"y":-11.9},{"name":"star_p7","parent":"border_hider","x":16.07,"y":-11.9},{"name":"star_p8","parent":"border_hider","x":16.07,"y":-11.9},{"name":"star_w6","parent":"border_hider","x":-10.95,"y":14.23},{"name":"star_w7","parent":"border_hider","x":-10.95,"y":14.23},{"name":"star_w8","parent":"border_hider","x":-10.95,"y":14.23}],"slots":[{"name":"border_smash_1_hammer_R","bone":"hammer_R","attachment":"border_smash_1_hammer_R"},{"name":"border_hider_1_key_R","bone":"key_R","attachment":"border_hider_1_key_R"},{"name":"border_smash_1_hammer_L","bone":"hammer_L","attachment":"border_smash_1_hammer_L"},{"name":"border_hider_1_key_L","bone":"key_L","attachment":"border_hider_1_key_L"},{"name":"border_smash_1","bone":"border","attachment":"border_smash_1"},{"name":"border_hider_2","bone":"border2","attachment":"border_hider_1"},{"name":"border_smash_2","bone":"border_smasher","attachment":"border_smash_2"},{"name":"border_hider_1","bone":"border_hider","attachment":"border_hider_1"},{"name":"star_p","bone":"star_p","attachment":"star_p"},{"name":"star_b5","bone":"star_p5","attachment":"star_b"},{"name":"star_p2","bone":"star_p2","attachment":"star_p"},{"name":"star_b6","bone":"star_p6","attachment":"star_b"},{"name":"star_p3","bone":"star_p3","attachment":"star_p"},{"name":"star_b7","bone":"star_p7","attachment":"star_b"},{"name":"star_p4","bone":"star_p4","attachment":"star_p"},{"name":"star_b8","bone":"star_p8","attachment":"star_b"},{"name":"star_w","bone":"star_w"},{"name":"star_w5","bone":"star_w5"},{"name":"star_w2","bone":"star_w2"},{"name":"star_w6","bone":"star_w6"},{"name":"star_w3","bone":"star_w3"},{"name":"star_w7","bone":"star_w7"},{"name":"star_w4","bone":"star_w4"},{"name":"star_w8","bone":"star_w8"},{"name":"lingthning_glow","bone":"border","attachment":"lingthning_glow"},{"name":"lingthning_glow2","bone":"border2","attachment":"lingthning_glow"},{"name":"lingthning_border","bone":"border","attachment":"lingthning_border"},{"name":"lingthning_border2","bone":"border2","attachment":"lingthning_border"},{"name":"lingthning_1","bone":"lightning"},{"name":"lingthning_2","bone":"lightning2"},{"name":"a1","bone":"shash"},{"name":"a2","bone":"shash2"}],"skins":[{"name":"default","attachments":{"a1":{"a1":{"x":-20,"y":-3,"width":220,"height":289},"a2":{"x":-20.5,"y":1,"width":189,"height":241},"a3":{"x":51.5,"y":52,"width":431,"height":425},"a4":{"x":50.5,"y":51.5,"width":489,"height":480}},"a2":{"a1":{"x":-20,"y":-3,"width":220,"height":289},"a2":{"x":-20.5,"y":1,"width":189,"height":241},"a3":{"x":51.5,"y":52,"width":431,"height":425},"a4":{"x":50.5,"y":51.5,"width":489,"height":480}},"border_hider_1":{"border_hider_1":{"path":"border_hider_2","x":0.05,"y":-1.86,"width":266,"height":163}},"border_hider_1_key_L":{"border_hider_1_key_L":{"x":-30.03,"y":53.98,"width":87,"height":159}},"border_hider_1_key_R":{"border_hider_1_key_R":{"x":29.14,"y":50.47,"width":86,"height":159}},"border_hider_2":{"border_hider_1":{"width":163,"height":163}},"border_smash_1":{"border_smash_1":{"width":170,"height":171}},"border_smash_1_hammer_L":{"border_smash_1_hammer_L":{"x":-30.03,"y":53.98,"width":91,"height":133}},"border_smash_1_hammer_R":{"border_smash_1_hammer_R":{"x":29.14,"y":50.47,"width":91,"height":132}},"border_smash_2":{"border_smash_2":{"x":0.5,"y":-0.5,"width":281,"height":172}},"lingthning_1":{"lingthning_1":{"x":0.5,"y":-1.5,"width":189,"height":186},"lingthning_2":{"y":-2,"width":188,"height":173},"lingthning_3":{"x":-2,"y":-2,"width":184,"height":179},"lingthning_4":{"x":2,"y":4.5,"width":184,"height":176}},"lingthning_2":{"lingthning_1":{"x":0.5,"y":-1.5,"width":189,"height":186},"lingthning_2":{"y":-2,"width":188,"height":173},"lingthning_3":{"x":-2,"y":-2,"width":184,"height":179},"lingthning_4":{"x":2,"y":4.5,"width":184,"height":176}},"lingthning_border":{"lingthning_border":{"y":-0.5,"width":172,"height":172}},"lingthning_border2":{"lingthning_border":{"y":-0.5,"width":172,"height":172}},"lingthning_glow":{"lingthning_glow":{"y":-0.5,"width":186,"height":186}},"lingthning_glow2":{"lingthning_glow":{"y":-0.5,"width":186,"height":186}},"star_b5":{"star_b":{"x":-0.99,"y":0.57,"width":47,"height":45}},"star_b6":{"star_b":{"x":-0.99,"y":0.57,"width":47,"height":45}},"star_b7":{"star_b":{"x":-0.99,"y":0.57,"width":47,"height":45}},"star_b8":{"star_b":{"x":-0.99,"y":0.57,"width":47,"height":45}},"star_p":{"star_p":{"x":-0.99,"y":0.57,"width":47,"height":45}},"star_p2":{"star_p":{"x":-0.99,"y":0.57,"width":47,"height":45}},"star_p3":{"star_p":{"x":-0.99,"y":0.57,"width":47,"height":45}},"star_p4":{"star_p":{"x":-0.99,"y":0.57,"width":47,"height":45}},"star_w":{"star_w":{"x":0.4,"y":1.39,"width":47,"height":45}},"star_w2":{"star_w":{"x":0.4,"y":1.39,"width":47,"height":45}},"star_w3":{"star_w":{"x":0.4,"y":1.39,"width":47,"height":45}},"star_w4":{"star_w":{"x":0.4,"y":1.39,"width":47,"height":45}},"star_w5":{"star_w":{"x":0.4,"y":1.39,"width":47,"height":45}},"star_w6":{"star_w":{"x":0.4,"y":1.39,"width":47,"height":45}},"star_w7":{"star_w":{"x":0.4,"y":1.39,"width":47,"height":45}},"star_w8":{"star_w":{"x":0.4,"y":1.39,"width":47,"height":45}}}}],"animations":{"hider":{"slots":{"a2":{"attachment":[{"time":0.8333,"name":"a1"},{"time":0.9,"name":"a2"},{"time":0.9667,"name":"a3"},{"time":1.0333,"name":"a4"},{"time":1.1,"name":null}]},"border_hider_1":{"attachment":[{"name":null},{"time":1.1667,"name":"border_hider_1"}]},"border_hider_1_key_L":{"attachment":[{"name":null},{"time":0.6667,"name":"border_hider_1_key_L"}]},"border_hider_1_key_R":{"attachment":[{"name":null},{"time":0.6667,"name":"border_hider_1_key_R"}]},"border_smash_1":{"attachment":[{"name":null}]},"border_smash_1_hammer_L":{"attachment":[{"name":null}]},"border_smash_1_hammer_R":{"attachment":[{"name":null}]},"border_smash_2":{"attachment":[{"name":null}]},"lingthning_2":{"color":[{"time":1.1667,"color":"ffffffff"},{"time":1.3667,"color":"ffffff00"}],"attachment":[{"name":"lingthning_1"},{"time":0.0667,"name":"lingthning_2"},{"time":0.1333,"name":"lingthning_3"},{"time":0.2,"name":"lingthning_4"},{"time":0.2667,"name":"lingthning_1"},{"time":0.3333,"name":"lingthning_2"},{"time":0.4,"name":"lingthning_3"},{"time":0.4667,"name":"lingthning_4"},{"time":0.5333,"name":"lingthning_1"},{"time":0.6,"name":"lingthning_2"},{"time":0.6667,"name":"lingthning_3"},{"time":0.7333,"name":"lingthning_4"},{"time":0.8,"name":"lingthning_1"},{"time":0.8667,"name":"lingthning_2"},{"time":0.9333,"name":"lingthning_3"},{"time":1,"name":"lingthning_4"},{"time":1.0667,"name":"lingthning_1"},{"time":1.1333,"name":"lingthning_2"},{"time":1.2,"name":"lingthning_3"},{"time":1.2667,"name":"lingthning_4"},{"time":1.3333,"name":"lingthning_1"}]},"lingthning_border":{"attachment":[{"name":null}]},"lingthning_border2":{"color":[{"time":1.1667,"color":"ffffffff"},{"time":1.3667,"color":"ffffff00"}],"attachment":[{"name":null},{"time":1.1667,"name":"lingthning_border"},{"time":2,"name":"lingthning_border"}]},"lingthning_glow":{"color":[{"color":"ffffff00"}],"attachment":[{"name":null}]},"lingthning_glow2":{"color":[{"color":"ffffff00"},{"time":0.6667,"color":"ffffffff","curve":"stepped"},{"time":1.1667,"color":"ffffffff"},{"time":1.3667,"color":"ffffff00"}]},"star_b5":{"color":[{"time":1.4667,"color":"ffffffff"},{"time":1.5333,"color":"ffffff00"}],"attachment":[{"name":null},{"time":0.9667,"name":"star_b"}]},"star_b6":{"color":[{"time":1.2333,"color":"ffffffff"},{"time":1.3,"color":"ffffff00"}],"attachment":[{"name":null},{"time":0.9667,"name":"star_b"}]},"star_b7":{"color":[{"time":1.4333,"color":"ffffffff"},{"time":1.5,"color":"ffffff00"}],"attachment":[{"name":null},{"time":0.9667,"name":"star_b"}]},"star_b8":{"color":[{"time":1.5,"color":"ffffffff"},{"time":1.5667,"color":"ffffff00"}],"attachment":[{"name":null},{"time":0.9667,"name":"star_b"}]},"star_p":{"attachment":[{"name":null}]},"star_p2":{"attachment":[{"name":null}]},"star_p3":{"attachment":[{"name":null}]},"star_p4":{"attachment":[{"name":null}]},"star_w5":{"color":[{"time":1.4,"color":"ffffffff"},{"time":1.4667,"color":"ffffff00"}],"attachment":[{"time":0.9667,"name":"star_w"}]},"star_w6":{"color":[{"time":1.3333,"color":"ffffffff"},{"time":1.4,"color":"ffffff00"}],"attachment":[{"time":0.9667,"name":"star_w"}]},"star_w7":{"color":[{"time":1.5667,"color":"ffffffff"},{"time":1.6333,"color":"ffffff00"}],"attachment":[{"time":0.9667,"name":"star_w"}]},"star_w8":{"color":[{"time":1.3,"color":"ffffffff"},{"time":1.3667,"color":"ffffff00"}],"attachment":[{"time":0.9667,"name":"star_w"}]}},"bones":{"border_hider":{"scale":[{},{"time":0.6667,"x":1.3,"y":1.3},{"time":0.8333,"x":0.7,"y":0.7},{"time":0.9}]},"star_p5":{"rotate":[{"time":0.9667},{"time":1.5333,"angle":-37.12}],"translate":[{"time":0.9667,"x":82.4,"y":-26.72},{"time":1.5333,"x":183.73,"y":-60.13}],"scale":[{"time":0.9667,"x":0.514,"y":0.514},{"time":1.5333,"x":0.777,"y":0.777}]},"star_w5":{"rotate":[{"time":0.9667},{"time":1.4667,"angle":-285.62}],"translate":[{"time":0.9667,"x":16.7,"y":79.06},{"time":1.4667,"x":22.27,"y":123.6}],"scale":[{"time":0.9667,"x":0.623,"y":0.623},{"time":1.4667,"x":0.828,"y":0.828}]},"key_R":{"rotate":[{"time":0.6667,"angle":-26.13},{"time":1,"angle":17.22},{"time":1.1667}],"translate":[{"time":0.6667,"x":-85.74},{"time":0.8333,"x":18.1,"y":16.7},{"time":1.1667}],"scale":[{"time":0.6667},{"time":0.8333,"x":1.723,"y":1.723},{"time":1.1667}]},"key_L":{"rotate":[{"time":0.6667,"angle":21.9},{"time":1,"angle":-19.9},{"time":1.1667}],"translate":[{"time":0.6667,"x":80.17},{"time":0.8333,"x":-23.38,"y":15.59},{"time":1.1667}],"scale":[{"time":0.6667},{"time":0.8333,"x":1.723,"y":1.723},{"time":1.1667}]},"lightning2":{"rotate":[{},{"time":1.3333,"angle":180}],"scale":[{},{"time":0.6667,"x":1.048,"y":1.048},{"time":1.3333}]},"shash2":{"scale":[{"time":0.8333,"x":1.243,"y":1.243},{"time":1.1,"x":1.699,"y":1.699}]},"star_p6":{"rotate":[{"time":0.9667},{"time":1.3,"angle":214.19}],"translate":[{"time":0.9667,"x":80.17,"y":71.27},{"time":1.3,"x":141.42,"y":89.08}],"scale":[{"time":0.9667,"x":0.514,"y":0.514},{"time":1.3}]},"star_p7":{"rotate":[{"time":0.9667},{"time":1.5,"angle":-271.63}],"translate":[{"time":0.9667,"x":-126.94,"y":13.36},{"time":1.5,"x":-189.14,"y":-21.25}],"scale":[{"time":0.9667,"x":0.514,"y":0.514},{"time":1.5,"x":0.773,"y":0.773}]},"star_p8":{"rotate":[{"time":0.9667},{"time":1.5667,"angle":92.27}],"translate":[{"time":0.9667,"x":2.23,"y":-89.08},{"time":1.5667,"x":29.38,"y":-145.06}],"scale":[{"time":0.9667,"x":0.375,"y":0.375},{"time":1.5667,"x":0.775,"y":0.775}]},"star_w6":{"rotate":[{"time":0.9667},{"time":1.4,"angle":23.39}],"translate":[{"time":0.9667,"x":100.22,"y":-15.59},{"time":1.4,"x":145.87,"y":-34.52}],"scale":[{"time":0.9667,"x":0.383,"y":0.383},{"time":1.4,"x":0.651,"y":0.651}]},"star_w7":{"rotate":[{"time":0.9667},{"time":1.6333,"angle":-34.76}],"translate":[{"time":0.9667,"x":-59.02,"y":61.24},{"time":1.6333,"x":-143.01,"y":124.65}],"scale":[{"time":0.9667,"x":0.623,"y":0.623},{"time":1.6333}]},"star_w8":{"rotate":[{"time":0.9667},{"time":1.3667,"angle":23.39}],"translate":[{"time":0.9667,"x":-51.22,"y":-79.06},{"time":1.3667,"x":-103.56,"y":-104.67}],"scale":[{"time":0.9667,"x":0.623,"y":0.623},{"time":1.3667}]}}},"smasher":{"slots":{"a1":{"attachment":[{"time":0.8333,"name":"a1"},{"time":0.9,"name":"a2"},{"time":0.9667,"name":"a3"},{"time":1.0333,"name":"a4"},{"time":1.1,"name":null}]},"border_hider_1":{"attachment":[{"name":null}]},"border_hider_1_key_L":{"attachment":[{"name":null}]},"border_hider_1_key_R":{"attachment":[{"name":null}]},"border_hider_2":{"attachment":[{"name":null}]},"border_smash_1_hammer_L":{"attachment":[{"name":null},{"time":0.6667,"name":"border_smash_1_hammer_L"}]},"border_smash_1_hammer_R":{"attachment":[{"name":null},{"time":0.6667,"name":"border_smash_1_hammer_R"}]},"border_smash_2":{"attachment":[{"name":null},{"time":1.1667,"name":"border_smash_2"}]},"lingthning_1":{"color":[{"time":1.1667,"color":"ffffffff"},{"time":1.3667,"color":"ffffff00"}],"attachment":[{"name":"lingthning_1"},{"time":0.0667,"name":"lingthning_2"},{"time":0.1333,"name":"lingthning_3"},{"time":0.2,"name":"lingthning_4"},{"time":0.2667,"name":"lingthning_1"},{"time":0.3333,"name":"lingthning_2"},{"time":0.4,"name":"lingthning_3"},{"time":0.4667,"name":"lingthning_4"},{"time":0.5333,"name":"lingthning_1"},{"time":0.6,"name":"lingthning_2"},{"time":0.6667,"name":"lingthning_3"},{"time":0.7333,"name":"lingthning_4"},{"time":0.8,"name":"lingthning_1"},{"time":0.8667,"name":"lingthning_2"},{"time":0.9333,"name":"lingthning_3"},{"time":1,"name":"lingthning_4"},{"time":1.0667,"name":"lingthning_1"},{"time":1.1333,"name":"lingthning_2"},{"time":1.2,"name":"lingthning_3"},{"time":1.2667,"name":"lingthning_4"},{"time":1.3333,"name":"lingthning_1"}]},"lingthning_border":{"color":[{"time":1.1667,"color":"ffffffff"},{"time":1.3667,"color":"ffffff00"}],"attachment":[{"name":null},{"time":1.1667,"name":"lingthning_border"},{"time":2,"name":"lingthning_border"}]},"lingthning_border2":{"attachment":[{"name":null}]},"lingthning_glow":{"color":[{"color":"ffffff00"},{"time":0.6667,"color":"ffffffff","curve":"stepped"},{"time":1.1667,"color":"ffffffff"},{"time":1.3667,"color":"ffffff00"}]},"lingthning_glow2":{"color":[{"color":"ffffff00"}],"attachment":[{"name":null}]},"star_b5":{"attachment":[{"name":null}]},"star_b6":{"attachment":[{"name":null}]},"star_b7":{"attachment":[{"name":null}]},"star_b8":{"attachment":[{"name":null}]},"star_p":{"color":[{"time":1.1667,"color":"ffffffff"},{"time":1.3333,"color":"ffffff00"}],"attachment":[{"name":null},{"time":0.9667,"name":"star_p"}]},"star_p2":{"color":[{"time":1.1333,"color":"ffffffff"},{"time":1.3,"color":"ffffff00"}],"attachment":[{"name":null},{"time":0.9667,"name":"star_p"}]},"star_p3":{"color":[{"time":1.1667,"color":"ffffffff"},{"time":1.3333,"color":"ffffff00"}],"attachment":[{"name":null},{"time":0.9667,"name":"star_p"}]},"star_p4":{"color":[{"time":1.2,"color":"ffffffff"},{"time":1.3667,"color":"ffffff00"}],"attachment":[{"name":null},{"time":0.9667,"name":"star_p"}]},"star_w":{"color":[{"time":1.1,"color":"ffffffff"},{"time":1.2667,"color":"ffffff00"}],"attachment":[{"time":0.9667,"name":"star_w"}]},"star_w2":{"color":[{"time":1.2333,"color":"ffffffff"},{"time":1.4,"color":"ffffff00"}],"attachment":[{"time":0.9667,"name":"star_w"}]},"star_w3":{"color":[{"time":1.1333,"color":"ffffffff"},{"time":1.3,"color":"ffffff00"}],"attachment":[{"time":0.9667,"name":"star_w"}]},"star_w4":{"color":[{"time":1.2,"color":"ffffffff"},{"time":1.3667,"color":"ffffff00"}],"attachment":[{"time":0.9667,"name":"star_w"}]}},"bones":{"border_smasher":{"scale":[{},{"time":0.6667,"x":1.3,"y":1.3},{"time":0.8333,"x":0.7,"y":0.7},{"time":0.9}]},"hammer_R":{"rotate":[{"time":0.6667,"angle":-26.13},{"time":1,"angle":17.22},{"time":1.1667}],"translate":[{"time":0.6667,"x":-85.74},{"time":0.8333,"x":18.1,"y":16.7},{"time":1.1667}],"scale":[{"time":0.6667},{"time":0.8333,"x":1.723,"y":1.723},{"time":1.1667}]},"hammer_L":{"rotate":[{"time":0.6667,"angle":21.9},{"time":1,"angle":-19.9},{"time":1.1667}],"translate":[{"time":0.6667,"x":80.17},{"time":0.8333,"x":-23.38,"y":15.59},{"time":1.1667}],"scale":[{"time":0.6667},{"time":0.8333,"x":1.723,"y":1.723},{"time":1.1667}]},"star_w":{"rotate":[{"time":0.9667},{"time":1.2667,"angle":-285.62}],"translate":[{"time":0.9667,"x":16.7,"y":79.06},{"time":1.2667,"x":22.27,"y":123.6}],"scale":[{"time":0.9667,"x":0.623,"y":0.623},{"time":1.2667,"x":0.828,"y":0.828}]},"star_p":{"rotate":[{"time":0.9667},{"time":1.3333,"angle":-37.12}],"translate":[{"time":0.9667,"x":82.4,"y":-26.72},{"time":1.3333,"x":183.73,"y":-60.13}],"scale":[{"time":0.9667,"x":0.514,"y":0.514},{"time":1.3333,"x":0.777,"y":0.777}]},"lightning":{"rotate":[{},{"time":1.3333,"angle":180}],"scale":[{},{"time":0.6667,"x":1.048,"y":1.048},{"time":1.3333}]},"shash":{"scale":[{"time":0.8333,"x":1.243,"y":1.243},{"time":1.1,"x":1.699,"y":1.699}]},"star_p2":{"rotate":[{"time":0.9667},{"time":1.3,"angle":214.19}],"translate":[{"time":0.9667,"x":80.17,"y":71.27},{"time":1.3,"x":141.42,"y":89.08}],"scale":[{"time":0.9667,"x":0.514,"y":0.514},{"time":1.3}]},"star_p3":{"rotate":[{"time":0.9667},{"time":1.3333,"angle":-271.63}],"translate":[{"time":0.9667,"x":-126.94,"y":13.36},{"time":1.3333,"x":-168.14,"y":-12.25}],"scale":[{"time":0.9667,"x":0.514,"y":0.514},{"time":1.3333,"x":0.773,"y":0.773}]},"star_p4":{"rotate":[{"time":0.9667},{"time":1.3667,"angle":92.27}],"translate":[{"time":0.9667,"x":2.23,"y":-89.08},{"time":1.3667,"x":23.38,"y":-128.06}],"scale":[{"time":0.9667,"x":0.375,"y":0.375},{"time":1.3667,"x":0.775,"y":0.775}]},"star_w2":{"rotate":[{"time":0.9667},{"time":1.4,"angle":23.39}],"translate":[{"time":0.9667,"x":100.22,"y":-15.59},{"time":1.4,"x":145.87,"y":-34.52}],"scale":[{"time":0.9667,"x":0.383,"y":0.383},{"time":1.4,"x":0.651,"y":0.651}]},"star_w3":{"rotate":[{"time":0.9667},{"time":1.3,"angle":-34.76}],"translate":[{"time":0.9667,"x":-59.02,"y":61.24},{"time":1.3,"x":-108.01,"y":94.65}],"scale":[{"time":0.9667,"x":0.623,"y":0.623},{"time":1.3}]},"star_w4":{"rotate":[{"time":0.9667},{"time":1.3667,"angle":23.39}],"translate":[{"time":0.9667,"x":-51.22,"y":-79.06},{"time":1.3667,"x":-103.56,"y":-104.67}],"scale":[{"time":0.9667,"x":0.623,"y":0.623},{"time":1.3667}]}}}}}