{"skeleton":{"hash":"l8T1v8UChqA","spine":"3.8-from-4.0.64","x":-692.56,"y":-692.56,"width":1385.13,"height":1385.13,"images":"","audio":"J:/.Job_Art/.games/random/AD-games/Hide & Smash/Assets/spine/random_itm"},"bones":[{"name":"root"},{"name":"rays_white","parent":"root","color":"ffffffff"},{"name":"ray_white_1","parent":"rays_white","length":150,"color":"ffffffff"},{"name":"rays_blue","parent":"root","color":"0047ffff"},{"name":"ray_blue_1","parent":"rays_blue","length":226.9,"color":"003dffff"},{"name":"sparks","parent":"root","color":"000000ff"},{"name":"spark_a1","parent":"sparks","color":"ffda00ff"},{"name":"spark_c1","parent":"sparks","color":"6fff00ff"},{"name":"spark_d1","parent":"sparks","color":"00f8ffff"},{"name":"spark_b1","parent":"sparks","color":"00ff69ff"},{"name":"golw","parent":"root","color":"af00ffff"},{"name":"ray_blue_2","parent":"rays_blue","length":226.9,"rotation":45,"color":"003dffff"},{"name":"ray_blue_3","parent":"rays_blue","length":226.9,"rotation":90,"color":"003dffff"},{"name":"ray_blue_4","parent":"rays_blue","length":226.9,"rotation":135,"color":"003dffff"},{"name":"ray_blue_5","parent":"rays_blue","length":226.9,"rotation":180,"color":"003dffff"},{"name":"ray_blue_6","parent":"rays_blue","length":226.9,"rotation":-135,"color":"003dffff"},{"name":"ray_blue_7","parent":"rays_blue","length":226.9,"rotation":-90,"color":"003dffff"},{"name":"ray_blue_8","parent":"rays_blue","length":226.9,"rotation":-45,"color":"003dffff"},{"name":"ray_white_2","parent":"rays_white","length":150,"rotation":45,"color":"ffffffff"},{"name":"ray_white_3","parent":"rays_white","length":150,"rotation":90,"color":"ffffffff"},{"name":"ray_white_4","parent":"rays_white","length":150,"rotation":135,"color":"ffffffff"},{"name":"ray_white_5","parent":"rays_white","length":150,"rotation":180,"color":"ffffffff"},{"name":"ray_white_6","parent":"rays_white","length":150,"rotation":-135,"color":"ffffffff"},{"name":"ray_white_7","parent":"rays_white","length":150,"rotation":-90,"color":"ffffffff"},{"name":"ray_white_8","parent":"rays_white","length":150,"rotation":-45,"color":"ffffffff"},{"name":"HAMMER","parent":"root"},{"name":"spark_a2","parent":"sparks","color":"ffda00ff"},{"name":"spark_a3","parent":"sparks","color":"ffda00ff"},{"name":"spark_a4","parent":"sparks","color":"ffda00ff"},{"name":"spark_b2","parent":"sparks","color":"00ff69ff"},{"name":"spark_b3","parent":"sparks","color":"00ff69ff"},{"name":"spark_c2","parent":"sparks","color":"6fff00ff"},{"name":"spark_c3","parent":"sparks","color":"6fff00ff"},{"name":"spark_d2","parent":"sparks","color":"00f8ffff"},{"name":"spark_d3","parent":"sparks","color":"00f8ffff"},{"name":"spark_a5","parent":"sparks","color":"ffda00ff"},{"name":"spark_a6","parent":"sparks","color":"ffda00ff"},{"name":"spark_a7","parent":"sparks","color":"ffda00ff"},{"name":"spark_a8","parent":"sparks","color":"ffda00ff"},{"name":"spark_a9","parent":"sparks","color":"ffda00ff"},{"name":"spark_a10","parent":"sparks","color":"ffda00ff"},{"name":"spark_a11","parent":"sparks","color":"ffda00ff"},{"name":"spark_a12","parent":"sparks","color":"ffda00ff"},{"name":"spark_a13","parent":"sparks","color":"ffda00ff"},{"name":"spark_c4","parent":"sparks","color":"6fff00ff"},{"name":"spark_c5","parent":"sparks","color":"6fff00ff"},{"name":"spark_a14","parent":"sparks","color":"ffda00ff"},{"name":"spark_a15","parent":"sparks","color":"ffda00ff"},{"name":"spark_a16","parent":"sparks","color":"ffda00ff"}],"slots":[{"name":"glow","bone":"golw","attachment":"images/fx_random_g1"},{"name":"ray_blue_8","bone":"ray_blue_8","attachment":"images/fx_random_r2"},{"name":"ray_blue_7","bone":"ray_blue_7","attachment":"images/fx_random_r2"},{"name":"ray_blue_6","bone":"ray_blue_6","attachment":"images/fx_random_r2"},{"name":"ray_blue_5","bone":"ray_blue_5","attachment":"images/fx_random_r2"},{"name":"ray_blue_4","bone":"ray_blue_4","attachment":"images/fx_random_r2"},{"name":"ray_blue_3","bone":"ray_blue_3","attachment":"images/fx_random_r2"},{"name":"ray_blue_2","bone":"ray_blue_2","attachment":"images/fx_random_r2"},{"name":"ray_blue_1","bone":"ray_blue_1","attachment":"images/fx_random_r2"},{"name":"ray_white_8","bone":"ray_white_8","attachment":"images/fx_random_r1"},{"name":"ray_white_7","bone":"ray_white_7","attachment":"images/fx_random_r1"},{"name":"ray_white_6","bone":"ray_white_6","attachment":"images/fx_random_r1"},{"name":"ray_white_5","bone":"ray_white_5","attachment":"images/fx_random_r1"},{"name":"ray_white_4","bone":"ray_white_4","attachment":"images/fx_random_r1"},{"name":"ray_white_3","bone":"ray_white_3","attachment":"images/fx_random_r1"},{"name":"ray_white_2","bone":"ray_white_2","attachment":"images/fx_random_r1"},{"name":"ray_white_1","bone":"ray_white_1","attachment":"images/fx_random_r1"},{"name":"spark_a1","bone":"spark_a1","attachment":"images/fx_random_f1","blend":"additive"},{"name":"spark_a2","bone":"spark_a2","attachment":"images/fx_random_f1"},{"name":"spark_a3","bone":"spark_a3","attachment":"images/fx_random_f1","blend":"additive"},{"name":"spark_a4","bone":"spark_a4","attachment":"images/fx_random_f1"},{"name":"spark_a5","bone":"spark_a5","attachment":"images/fx_random_f1","blend":"additive"},{"name":"spark_a6","bone":"spark_a6","attachment":"images/fx_random_f1"},{"name":"spark_a7","bone":"spark_a7","attachment":"images/fx_random_f1","blend":"additive"},{"name":"spark_a8","bone":"spark_a8","attachment":"images/fx_random_f1"},{"name":"spark_a9","bone":"spark_a9","attachment":"images/fx_random_f1","blend":"additive"},{"name":"spark_a10","bone":"spark_a10","attachment":"images/fx_random_f1"},{"name":"spark_a11","bone":"spark_a11","attachment":"images/fx_random_f1","blend":"additive"},{"name":"spark_a12","bone":"spark_a12","attachment":"images/fx_random_f1"},{"name":"spark_a13","bone":"spark_a13","attachment":"images/fx_random_f1","blend":"additive"},{"name":"spark_a14","bone":"spark_a14","attachment":"images/fx_random_f1"},{"name":"spark_a15","bone":"spark_a15","attachment":"images/fx_random_f1","blend":"additive"},{"name":"spark_a16","bone":"spark_a16","attachment":"images/fx_random_f1"},{"name":"spark_c1","bone":"spark_c1","attachment":"images/fx_random_f2"},{"name":"spark_c4","bone":"spark_c4","attachment":"images/fx_random_f2"},{"name":"spark_c5","bone":"spark_c5","attachment":"images/fx_random_f2","blend":"additive"},{"name":"spark_c2","bone":"spark_c2","attachment":"images/fx_random_f2","blend":"additive"},{"name":"spark_c3","bone":"spark_c3","attachment":"images/fx_random_f2"},{"name":"spark_b1","bone":"spark_b1","attachment":"images/fx_random_f3","blend":"additive"},{"name":"spark_b2","bone":"spark_b2","attachment":"images/fx_random_f3"},{"name":"spark_b3","bone":"spark_b3","attachment":"images/fx_random_f3"},{"name":"spark_d1","bone":"spark_d1","attachment":"images/fx_random_f4"},{"name":"spark_d2","bone":"spark_d2","attachment":"images/fx_random_f4","blend":"additive"},{"name":"spark_d3","bone":"spark_d3","attachment":"images/fx_random_f4"},{"name":"Hammer","bone":"HAMMER"}],"skins":[{"name":"default","attachments":{"glow":{"images/fx_random_g1":{"width":1116,"height":1123}},"ray_blue_1":{"images/fx_random_r2":{"x":330.56,"rotation":-90,"width":195,"height":724}},"ray_blue_2":{"images/fx_random_r2":{"x":330.56,"rotation":-90,"width":195,"height":724}},"ray_blue_3":{"images/fx_random_r2":{"x":330.56,"rotation":-90,"width":195,"height":724}},"ray_blue_4":{"images/fx_random_r2":{"x":330.56,"rotation":-90,"width":195,"height":724}},"ray_blue_5":{"images/fx_random_r2":{"x":330.56,"rotation":-90,"width":195,"height":724}},"ray_blue_6":{"images/fx_random_r2":{"x":330.56,"rotation":-90,"width":195,"height":724}},"ray_blue_7":{"images/fx_random_r2":{"x":330.56,"rotation":-90,"width":195,"height":724}},"ray_blue_8":{"images/fx_random_r2":{"x":330.56,"rotation":-90,"width":195,"height":724}},"ray_white_1":{"images/fx_random_r1":{"x":330.56,"rotation":-90,"width":195,"height":724}},"ray_white_2":{"images/fx_random_r1":{"x":330.56,"rotation":-90,"width":195,"height":724}},"ray_white_3":{"images/fx_random_r1":{"x":330.56,"rotation":-90,"width":195,"height":724}},"ray_white_4":{"images/fx_random_r1":{"x":330.56,"rotation":-90,"width":195,"height":724}},"ray_white_5":{"images/fx_random_r1":{"x":330.56,"rotation":-90,"width":195,"height":724}},"ray_white_6":{"images/fx_random_r1":{"x":330.56,"rotation":-90,"width":195,"height":724}},"ray_white_7":{"images/fx_random_r1":{"x":330.56,"rotation":-90,"width":195,"height":724}},"ray_white_8":{"images/fx_random_r1":{"x":330.56,"rotation":-90,"width":195,"height":724}},"spark_a1":{"images/fx_random_f1":{"width":6,"height":6}},"spark_a2":{"images/fx_random_f1":{"width":6,"height":6}},"spark_a3":{"images/fx_random_f1":{"width":6,"height":6}},"spark_a4":{"images/fx_random_f1":{"width":6,"height":6}},"spark_a5":{"images/fx_random_f1":{"width":6,"height":6}},"spark_a6":{"images/fx_random_f1":{"width":6,"height":6}},"spark_a7":{"images/fx_random_f1":{"width":6,"height":6}},"spark_a8":{"images/fx_random_f1":{"width":6,"height":6}},"spark_a9":{"images/fx_random_f1":{"width":6,"height":6}},"spark_a10":{"images/fx_random_f1":{"width":6,"height":6}},"spark_a11":{"images/fx_random_f1":{"width":6,"height":6}},"spark_a12":{"images/fx_random_f1":{"width":6,"height":6}},"spark_a13":{"images/fx_random_f1":{"width":6,"height":6}},"spark_a14":{"images/fx_random_f1":{"width":6,"height":6}},"spark_a15":{"images/fx_random_f1":{"width":6,"height":6}},"spark_a16":{"images/fx_random_f1":{"width":6,"height":6}},"spark_b1":{"images/fx_random_f3":{"width":28,"height":28}},"spark_b2":{"images/fx_random_f3":{"width":28,"height":28}},"spark_b3":{"images/fx_random_f3":{"width":28,"height":28}},"spark_c1":{"images/fx_random_f2":{"width":146,"height":146}},"spark_c2":{"images/fx_random_f2":{"width":146,"height":146}},"spark_c3":{"images/fx_random_f2":{"width":146,"height":146}},"spark_c4":{"images/fx_random_f2":{"width":146,"height":146}},"spark_c5":{"images/fx_random_f2":{"width":146,"height":146}},"spark_d1":{"images/fx_random_f4":{"width":56,"height":56}},"spark_d2":{"images/fx_random_f4":{"width":56,"height":56}},"spark_d3":{"images/fx_random_f4":{"width":56,"height":56}}}}],"events":{"item_apear":{},"utem_place":{}},"animations":{"anim_0":{},"random_fx":{"slots":{"Hammer":{"attachment":[{"name":null},{"time":0.0667,"name":null}]},"spark_a1":{"color":[{"time":0.4,"color":"ffffffff"},{"time":0.4667,"color":"ffffff3d"},{"time":0.5,"color":"ffffffff","curve":"stepped"},{"time":0.5333,"color":"ffffffff"},{"time":0.5667,"color":"ffffff3d"},{"time":0.6333,"color":"ffffffff","curve":"stepped"},{"time":0.9,"color":"ffffffff"},{"time":0.9667,"color":"ffffff3d"},{"time":1.0333,"color":"ffffffff","curve":"stepped"},{"time":1.1333,"color":"ffffffff"},{"time":1.2,"color":"ffffff3d"},{"time":1.2667,"color":"ffffffff"}]},"spark_a3":{"color":[{"time":0.4,"color":"ffffffff"},{"time":0.4667,"color":"ffffff3d"},{"time":0.5333,"color":"ffffffff","curve":"stepped"},{"time":0.7333,"color":"ffffffff"},{"time":0.8,"color":"ffffff3d"},{"time":0.8667,"color":"ffffffff","curve":"stepped"},{"time":0.9333,"color":"ffffffff"},{"time":1,"color":"ffffff3d"},{"time":1.0667,"color":"ffffffff","curve":"stepped"},{"time":1.2,"color":"ffffffff"},{"time":1.2667,"color":"ffffff3d"},{"time":1.3333,"color":"ffffffff"}]},"spark_a5":{"color":[{"time":0.6,"color":"ffffffff"},{"time":0.6667,"color":"ffffff3d"},{"time":0.7333,"color":"ffffffff","curve":"stepped"},{"time":0.7667,"color":"ffffffff"},{"time":0.8333,"color":"ffffff3d"},{"time":0.9,"color":"ffffffff","curve":"stepped"},{"time":1.1,"color":"ffffffff"},{"time":1.1667,"color":"ffffff3d"},{"time":1.2333,"color":"ffffffff"}]},"spark_a7":{"color":[{"time":0.4,"color":"ffffffff"},{"time":0.4667,"color":"ffffff3d"},{"time":0.5333,"color":"ffffffff","curve":"stepped"},{"time":0.8,"color":"ffffffff"},{"time":0.8667,"color":"ffffff3d"},{"time":0.9333,"color":"ffffffff","curve":"stepped"},{"time":0.9667,"color":"ffffffff"},{"time":1.0333,"color":"ffffff3d"},{"time":1.1,"color":"ffffffff"}]},"spark_a9":{"color":[{"time":0.8,"color":"ffffffff"},{"time":0.8667,"color":"ffffff3d"},{"time":0.9333,"color":"ffffffff","curve":"stepped"},{"time":1.1,"color":"ffffffff"},{"time":1.1667,"color":"ffffff3d"},{"time":1.2333,"color":"ffffffff"}]},"spark_a10":{"color":[{"time":0.3333,"color":"ffffffff"},{"time":0.4,"color":"ffffff3d"},{"time":0.4667,"color":"ffffffff","curve":"stepped"},{"time":0.7667,"color":"ffffffff"},{"time":0.8333,"color":"ffffff3d"},{"time":0.9,"color":"ffffffff","curve":"stepped"},{"time":1.1333,"color":"ffffffff"},{"time":1.2,"color":"ffffff3d"},{"time":1.2667,"color":"ffffffff"}]},"spark_a11":{"color":[{"time":0.5333,"color":"ffffffff"},{"time":0.6,"color":"ffffff3d"},{"time":0.6667,"color":"ffffffff","curve":"stepped"},{"time":1.1667,"color":"ffffffff"},{"time":1.2333,"color":"ffffff3d"},{"time":1.3,"color":"ffffffff"}]},"spark_a12":{"color":[{"time":0.6667,"color":"ffffffff"},{"time":0.7333,"color":"ffffff3d"},{"time":0.8,"color":"ffffffff","curve":"stepped"},{"time":1.0333,"color":"ffffffff"},{"time":1.1,"color":"ffffff3d"},{"time":1.1667,"color":"ffffffff"}]},"spark_a14":{"color":[{"time":0.3333,"color":"ffffffff"},{"time":0.4,"color":"ffffff3d"},{"time":0.4667,"color":"ffffffff","curve":"stepped"},{"time":0.5,"color":"ffffffff"},{"time":0.5333,"color":"ffffff3d"},{"time":0.5667,"color":"ffffffff","curve":"stepped"},{"time":0.7,"color":"ffffffff"},{"time":0.7667,"color":"ffffff3d"},{"time":0.8333,"color":"ffffffff","curve":"stepped"},{"time":0.8667,"color":"ffffffff"},{"time":0.9333,"color":"ffffff3d"},{"time":1,"color":"ffffffff","curve":"stepped"},{"time":1.1333,"color":"ffffffff"},{"time":1.2,"color":"ffffff3d"},{"time":1.2667,"color":"ffffffff"}]},"spark_a15":{"color":[{"time":0.6333,"color":"ffffffff"},{"time":0.7,"color":"ffffff3d"},{"time":0.7667,"color":"ffffffff","curve":"stepped"},{"time":1.2,"color":"ffffffff"},{"time":1.2667,"color":"ffffff3d"},{"time":1.3333,"color":"ffffffff"}]},"spark_a16":{"color":[{"time":0.5,"color":"ffffffff"},{"time":0.5333,"color":"ffffff3d"},{"time":0.5667,"color":"ffffffff","curve":"stepped"},{"time":0.6667,"color":"ffffffff"},{"time":0.7,"color":"ffffff3d"},{"time":0.7333,"color":"ffffffff","curve":"stepped"},{"time":0.8,"color":"ffffffff"},{"time":0.8333,"color":"ffffff3d"},{"time":0.8667,"color":"ffffffff","curve":"stepped"},{"time":0.9,"color":"ffffffff"},{"time":0.9333,"color":"ffffff3d"},{"time":0.9667,"color":"ffffffff","curve":"stepped"},{"time":1.0667,"color":"ffffffff"},{"time":1.1,"color":"ffffff3d"},{"time":1.1333,"color":"ffffffff","curve":"stepped"},{"time":1.1667,"color":"ffffffff"},{"time":1.2,"color":"ffffff3d"},{"time":1.2333,"color":"ffffffff"}]},"spark_b1":{"color":[{"time":0.4,"color":"ffffffff"},{"time":0.4667,"color":"ffffff3d"},{"time":0.5333,"color":"ffffffff","curve":"stepped"},{"time":0.6333,"color":"ffffffff"},{"time":0.7,"color":"ffffff3d"},{"time":0.7667,"color":"ffffffff","curve":"stepped"},{"time":1.0667,"color":"ffffffff"},{"time":1.1333,"color":"ffffff3d"},{"time":1.2,"color":"ffffffff"}]},"spark_b2":{"color":[{"time":0.5667,"color":"ffffffff"},{"time":0.6333,"color":"ffffff3d"},{"time":0.7,"color":"ffffffff","curve":"stepped"},{"time":0.7333,"color":"ffffffff"},{"time":0.8,"color":"ffffff3d"},{"time":0.8667,"color":"ffffffff","curve":"stepped"},{"time":1.1,"color":"ffffffff"},{"time":1.1667,"color":"ffffff3d"},{"time":1.2333,"color":"ffffffff"}]},"spark_b3":{"color":[{"time":0.5333,"color":"ffffffff"},{"time":0.6,"color":"ffffff3d"},{"time":0.6667,"color":"ffffffff","curve":"stepped"},{"time":0.7333,"color":"ffffffff"},{"time":0.8,"color":"ffffff3d"},{"time":0.8667,"color":"ffffffff","curve":"stepped"},{"time":1.1667,"color":"ffffffff"},{"time":1.2333,"color":"ffffff3d"},{"time":1.3,"color":"ffffffff"}]},"spark_c2":{"color":[{"time":0.5,"color":"ffffffff"},{"time":0.5333,"color":"ffffff3d"},{"time":0.5667,"color":"ffffffff","curve":"stepped"},{"time":0.6,"color":"ffffffff"},{"time":0.6333,"color":"ffffff3d"},{"time":0.6667,"color":"ffffffff","curve":"stepped"},{"time":0.8,"color":"ffffffff"},{"time":0.8333,"color":"ffffff3d"},{"time":0.8667,"color":"ffffffff","curve":"stepped"},{"time":0.9,"color":"ffffffff"},{"time":0.9333,"color":"ffffff3d"},{"time":0.9667,"color":"ffffffff","curve":"stepped"},{"time":1,"color":"ffffffff"},{"time":1.0333,"color":"ffffff3d"},{"time":1.0667,"color":"ffffffff","curve":"stepped"},{"time":1.1667,"color":"ffffffff"},{"time":1.2,"color":"ffffff3d"},{"time":1.2333,"color":"ffffffff"}]},"spark_c3":{"color":[{"time":0.6333,"color":"ffffffff"},{"time":0.7,"color":"ffffff3d"},{"time":0.7667,"color":"ffffffff","curve":"stepped"},{"time":1.0667,"color":"ffffffff"},{"time":1.1333,"color":"ffffff3d"},{"time":1.2,"color":"ffffffff"}]},"spark_c4":{"color":[{"time":0.3667,"color":"ffffffff"},{"time":0.4,"color":"ffffff3d"},{"time":0.4333,"color":"ffffffff","curve":"stepped"},{"time":0.8333,"color":"ffffffff"},{"time":0.8667,"color":"ffffff3d"},{"time":0.9,"color":"ffffffff","curve":"stepped"},{"time":1.1333,"color":"ffffffff"},{"time":1.1667,"color":"ffffff3d"},{"time":1.2,"color":"ffffffff"}]},"spark_d1":{"color":[{"time":0.5333,"color":"ffffffff"},{"time":0.6,"color":"ffffff3d"},{"time":0.6667,"color":"ffffffff","curve":"stepped"},{"time":0.9667,"color":"ffffffff"},{"time":1.0333,"color":"ffffff3d"},{"time":1.1,"color":"ffffffff"}]}},"bones":{"sparks":{"rotate":[{"time":0.2},{"time":1.3333,"angle":10}],"scale":[{"x":0,"y":0,"curve":"stepped"},{"time":0.2}]},"spark_d1":{"translate":[{"time":0.1},{"time":0.4,"x":-334.63,"y":124.94},{"time":1.3333,"x":-392.32,"y":146.48}]},"spark_b1":{"translate":[{"time":0.1},{"time":0.4,"x":-91.78,"y":-289.01},{"time":1.3333,"x":-107.6,"y":-338.83}]},"spark_c1":{"translate":[{"time":0.1},{"time":0.4,"x":243.04,"y":-280.6},{"time":1.3333,"x":284.95,"y":-328.97}]},"spark_a1":{"translate":[{"time":0.1},{"time":0.4,"x":202.28,"y":132.48},{"time":1.3333,"x":237.16,"y":155.32}]},"golw":{"scale":[{"x":0,"y":0,"curve":"stepped"},{"time":0.0667,"x":0,"y":0},{"time":0.2667,"x":1.5,"y":1.5},{"time":0.4},{"time":0.5333,"x":0.9,"y":0.9},{"time":0.6667},{"time":0.8,"x":0.9,"y":0.9},{"time":0.9333},{"time":1.0667,"x":0.9,"y":0.9},{"time":1.2},{"time":1.3333,"x":0.9,"y":0.9}]},"HAMMER":{"scale":[{},{"time":0.0667,"x":5,"y":5},{"time":0.2,"x":0.8,"y":0.8},{"time":0.2667}]},"rays_blue":{"rotate":[{"time":0.2},{"time":0.3333,"angle":6},{"time":0.6667,"angle":36},{"time":1,"angle":56},{"time":1.3333,"angle":66}],"scale":[{"x":0,"y":0,"curve":"stepped"},{"time":0.1667,"x":0,"y":0},{"time":0.6667,"x":1.5,"y":1.5},{"time":1.3333}]},"rays_white":{"rotate":[{},{"time":0.1667,"angle":345},{"time":0.3333},{"time":0.6667,"angle":30},{"time":1,"angle":50},{"time":1.3333,"angle":60}],"scale":[{"x":0,"y":0,"curve":"stepped"},{"time":0.1667,"x":0,"y":0},{"time":0.6667},{"time":1.3333,"x":0.9,"y":0.9}]},"spark_a2":{"translate":[{"time":0.1},{"time":0.5,"x":-62.75,"y":210.97},{"time":1.3333,"x":-72.56,"y":243.94}]},"spark_a3":{"translate":[{"time":0.1},{"time":0.4,"x":-273.16,"y":-114.26},{"time":1.3333,"x":-315.84,"y":-132.11}]},"spark_a4":{"translate":[{"time":0.1},{"time":0.4667,"x":50.66,"y":-408.85},{"time":1.3333,"x":58.58,"y":-472.74}]},"spark_b2":{"translate":[{"time":0.1},{"time":0.5,"x":207.36,"y":-184.15},{"time":1.3333,"x":284.16,"y":-252.36}]},"spark_b3":{"translate":[{"time":0.1},{"time":0.4,"x":-320.69,"y":-275.33},{"time":1.3333,"x":-348.99,"y":-299.63}]},"spark_c2":{"translate":[{"time":0.1},{"time":0.4667,"x":-195.85,"y":93.88},{"time":1.3333,"x":-226.45,"y":108.55}],"scale":[{"time":0.4667},{"time":1.3333,"x":1.3,"y":1.3}]},"spark_c3":{"translate":[{"time":0.1},{"time":0.4,"x":61.97,"y":298.31},{"time":1.3333,"x":71.65,"y":344.92}],"scale":[{"time":0.4667},{"time":1.3333,"x":0.8,"y":0.8}]},"spark_d2":{"translate":[{"time":0.1},{"time":0.4333,"x":-78.21,"y":-142.39},{"time":1.3333,"x":-90.43,"y":-164.64}]},"spark_d3":{"translate":[{"time":0.1},{"time":0.3667,"x":147.61,"y":-89.57},{"time":1.3333,"x":176.18,"y":-106.91}]},"spark_a5":{"translate":[{"time":0.1},{"time":0.4333,"x":318.07,"y":50.12},{"time":1.3333,"x":367.77,"y":57.95}]},"spark_a6":{"translate":[{"time":0.1},{"time":0.3667,"x":-160.19,"y":-40.47},{"time":1.3333,"x":-185.22,"y":-46.8}]},"spark_a7":{"translate":[{"time":0.1},{"time":0.3333,"x":6.28,"y":259.81},{"time":1.3333,"x":8.6,"y":356.03}]},"spark_a8":{"translate":[{"time":0.1},{"time":0.4333,"x":30.67,"y":-127.23},{"time":1.3333,"x":35.46,"y":-147.11}]},"spark_a9":{"translate":[{"time":0.1},{"time":0.5,"x":116.35,"y":57.57},{"time":1.3333,"x":134.53,"y":66.57}]},"spark_a10":{"translate":[{"time":0.1},{"time":0.3333,"x":-64.36,"y":98.32},{"time":1.3333,"x":-88.2,"y":134.74}]},"spark_a11":{"translate":[{"time":0.1},{"time":0.5,"x":98.51,"y":204.4},{"time":1.3333,"x":113.91,"y":236.34}]},"spark_a12":{"translate":[{"time":0.1},{"time":0.3333,"x":58.08,"y":-313.32},{"time":1.3333,"x":79.59,"y":-429.37}]},"spark_a13":{"translate":[{"time":0.1},{"time":0.4333,"x":-254.29,"y":-124.62},{"time":1.3333,"x":-336.02,"y":-164.67}]},"spark_c4":{"translate":[{"time":0.1},{"time":0.3333,"x":-360.29,"y":-85.82},{"time":1.3333,"x":-392.08,"y":-93.39}],"scale":[{"time":0.3333},{"time":1.3333,"x":1.6,"y":1.6}]},"spark_c5":{"translate":[{"time":0.1},{"time":0.4667,"x":277.16,"y":160.21},{"time":1.3333,"x":301.61,"y":174.35}],"scale":[{"time":0.4667},{"time":1.3333,"x":1.6,"y":1.6}]},"spark_a14":{"translate":[{"time":0.1},{"time":0.3333,"x":-313.63,"y":-44.85},{"time":1.3333,"x":-429.79,"y":-61.46}]},"spark_a15":{"translate":[{"time":0.1},{"time":0.5,"x":-142.11,"y":225.36},{"time":1.3333,"x":-194.75,"y":308.82}]},"spark_a16":{"translate":[{"time":0.1},{"time":0.5,"x":304.72,"y":-78.72},{"time":1.3333,"x":352.34,"y":-91.02}]}},"events":[{"time":0.0667,"name":"item_apear"},{"time":0.2,"name":"utem_place"},{"time":0.2667,"name":"utem_place"}]}}}