{"skeleton":{"hash":"a8oIiJR4cbU","spine":"3.8-from-4.0.64","x":-550.5,"y":-646.5,"width":1614.14,"height":1293,"images":"./images/","audio":"J:/.Job_Art/.games/random/AD-games/Hide & Smash/Assets/spine/tutorial"},"bones":[{"name":"root"},{"name":"key","parent":"root","y":228,"color":"faff00ff"},{"name":"pot","parent":"root","x":541.04,"y":178.04,"color":"00ccffff"},{"name":"smash","parent":"root","x":540.99,"y":178.04,"color":"ff004fff"},{"name":"endless","parent":"root","y":-432.69},{"name":"hand","parent":"endless"},{"name":"body","parent":"smash","color":"ff004fff"},{"name":"smash_head","parent":"body","x":-49.5,"y":130.53,"color":"ff004fff"},{"name":"arm_L_u","parent":"body","length":45.2,"rotation":180,"x":-30.03,"y":24.42,"color":"ff004fff"},{"name":"arm_L_d","parent":"arm_L_u","length":50,"x":44.86,"color":"ff004fff"},{"name":"arm_L_hand","parent":"arm_L_d","x":51.78,"y":-0.04,"color":"ff004fff"},{"name":"leg_L_u","parent":"body","length":47.17,"rotation":180,"x":-12.55,"y":-32.97,"color":"ff004fff"},{"name":"leg_L_d","parent":"leg_L_u","length":56.72,"x":46.66,"color":"ff004fff"},{"name":"leg_L_f","parent":"leg_L_d","length":20.74,"rotation":-90,"x":56.97,"y":-0.17,"color":"ff004fff"},{"name":"smash_info","parent":"body","x":-142.12,"y":231.79,"color":"ff004fff"},{"name":"agro","parent":"smash","y":-125.36,"color":"ff004fff"},{"name":"arm_R_u","parent":"body","length":45.2,"x":-30.03,"y":24.42,"color":"ff004fff"},{"name":"arm_R_d","parent":"arm_R_u","length":50,"x":44.86,"color":"ff004fff"},{"name":"arm_R_hand","parent":"arm_R_d","x":51.78,"y":-0.04,"color":"ff004fff"},{"name":"hammer","parent":"arm_R_hand","rotation":180,"x":6.2,"y":-0.04,"color":"ff004fff"},{"name":"hammer_smash","parent":"hammer","x":-147.97,"y":-106.17,"color":"ff004fff"},{"name":"leg_R_u","parent":"body","length":47.17,"x":10.96,"y":-32.97,"color":"ff004fff"},{"name":"leg_R_d","parent":"leg_R_u","length":56.72,"x":46.66,"color":"ff004fff"},{"name":"leg_R_f","parent":"leg_R_d","length":20.74,"rotation":-90,"x":56.97,"y":-0.17,"color":"ff004fff"},{"name":"pot_torso","parent":"pot","y":27.04,"color":"00ccffff"},{"name":"pot_leaf_R","parent":"pot_torso","x":-12.58,"y":128.58,"color":"00ccffff"},{"name":"pot_leaf_L","parent":"pot_torso","x":-14.12,"y":139.63,"color":"00ccffff"},{"name":"pot_legs","parent":"pot","color":"00ccffff"},{"name":"pot_leg_L_u","parent":"pot_legs","length":45.78,"x":10.97,"y":-31.22,"color":"00ccffff"},{"name":"pot_leg_L_d","parent":"pot_leg_L_u","length":57.01,"x":45.72,"color":"00ccffff"},{"name":"pot_leg_L_food","parent":"pot_leg_L_d","length":30.6,"rotation":-90,"x":56.38,"color":"00ccffff"},{"name":"pot_leg_R_u","parent":"pot_legs","length":45.78,"rotation":180,"x":-10.06,"y":-31.22,"color":"00ccffff"},{"name":"pot_leg_R_d","parent":"pot_leg_R_u","length":57.01,"x":45.72,"color":"00ccffff"},{"name":"pot_leg_R_food","parent":"pot_leg_R_d","length":30.6,"rotation":-90,"x":56.38,"color":"00ccffff"},{"name":"line","parent":"endless"},{"name":"hand2","parent":"hand","y":-23.51}],"slots":[{"name":"bg","bone":"root"},{"name":"agro","bone":"agro","attachment":"agro"},{"name":"endless","bone":"line","color":"ffffff84","attachment":"endless"},{"name":"hand2","bone":"hand2","color":"0000004d","attachment":"hand","blend":"multiply"},{"name":"hand","bone":"hand","attachment":"hand"},{"name":"pot_leg_d2","bone":"pot_leg_R_d","attachment":"pot_leg_d"},{"name":"pot_leg_u2","bone":"pot_leg_R_u","attachment":"pot_leg_u"},{"name":"pot_leg_f2","bone":"pot_leg_R_food","attachment":"pot_leg_f"},{"name":"pot_leg_d","bone":"pot_leg_L_d","attachment":"pot_leg_d"},{"name":"pot_ass","bone":"pot_legs","attachment":"pot_ass"},{"name":"pot","bone":"pot_torso","attachment":"pot"},{"name":"pot_leaf_r","bone":"pot_leaf_R","attachment":"pot_leaf_r"},{"name":"pot_leaf_l","bone":"pot_leaf_L","attachment":"pot_leaf_l"},{"name":"pot_leg_u","bone":"pot_leg_L_u","attachment":"pot_leg_u"},{"name":"pot_leg_f","bone":"pot_leg_L_food","attachment":"pot_leg_f"},{"name":"smash_leg_hammer","bone":"hammer","attachment":"smash_leg_hammer"},{"name":"smash_arm_R_hand2","bone":"arm_R_hand","attachment":"smash_arm_R_hand"},{"name":"smash_arm_R_u2","bone":"arm_R_u","attachment":"smash_arm_R_u"},{"name":"smash_arm_R_d2","bone":"arm_R_d","attachment":"smash_arm_R_d"},{"name":"smash_leg_d2","bone":"leg_R_d","attachment":"smash_leg_d"},{"name":"smash_leg_u2","bone":"leg_R_u","attachment":"smash_leg_u"},{"name":"smash_leg_foot2","bone":"leg_R_f","attachment":"smash_leg_foot"},{"name":"smash_leg_d","bone":"leg_L_d","attachment":"smash_leg_d"},{"name":"smash_leg_u","bone":"leg_L_u","attachment":"smash_leg_u"},{"name":"smash_leg_foot","bone":"leg_L_f","attachment":"smash_leg_foot"},{"name":"smash_torso","bone":"body","attachment":"smash_torso"},{"name":"smash_arm_R_hand","bone":"arm_L_hand","attachment":"smash_arm_R_hand"},{"name":"smash_arm_R_u","bone":"arm_L_u","attachment":"smash_arm_R_u"},{"name":"smash_arm_R_d","bone":"arm_L_d","attachment":"smash_arm_R_d"},{"name":"smash_head","bone":"smash_head","attachment":"smash_head"},{"name":"smash_l","bone":"hammer_smash","attachment":"smash_l"},{"name":"smash_r","bone":"hammer_smash","attachment":"smash_r"},{"name":"info_!","bone":"smash_info","attachment":"info_!"},{"name":"key","bone":"key","dark":"000000","attachment":"key"},{"name":"line","bone":"endless","attachment":"line"}],"path":[{"name":"line","bones":["hand"],"target":"line","rotateMix":0,"translateMix":0}],"skins":[{"name":"default","attachments":{"agro":{"agro":{"width":365,"height":110}},"endless":{"endless":{"x":1.15,"width":602,"height":254}},"hand":{"hand":{"x":22.24,"y":-69.46,"width":137,"height":158}},"hand2":{"hand":{"x":22.24,"y":-66.73,"width":137,"height":158}},"info_!":{"info_!":{"y":52.32,"width":41,"height":146},"info_question":{"x":-0.08,"y":52.21,"width":123,"height":146}},"key":{"key":{"x":-0.59,"y":0.76,"rotation":45,"width":199,"height":118}},"line":{"line":{"type":"path","closed":true,"lengths":[211,388.09,561.35,778.5,990.39,1157.1,1331.15,1547.37],"vertexCount":24,"vertices":[34.5,-31.33,3.25,0.43,-57.07,61.75,-109.29,108.05,-171.19,110.87,-209.84,112.63,-285.8,84.87,-286.55,0.43,-287.25,-78.35,-209.17,-113.86,-176.11,-113.52,-112.81,-112.86,-43.17,-49.51,3.25,0.43,49.68,50.38,103.14,109.46,177.7,110.16,252.26,110.87,286.8,38.42,287.43,3.95,288.14,-34.74,266.7,-108.44,181.22,-111.41,100.33,-114.22]}},"pot":{"pot":{"x":-6.5,"y":61.46,"width":267,"height":185}},"pot_ass":{"pot_ass":{"width":128,"height":128}},"pot_leaf_l":{"pot_leaf_l":{"x":51.62,"y":36.84,"width":125,"height":95}},"pot_leaf_r":{"pot_leaf_r":{"x":-33.42,"y":46.38,"width":92,"height":114}},"pot_leg_d":{"pot_leg_d":{"x":23.81,"y":-0.28,"width":107,"height":59}},"pot_leg_d2":{"pot_leg_d":{"color":"dededeff","x":23.81,"y":-0.28,"width":107,"height":59}},"pot_leg_f":{"pot_leg_f":{"x":10.78,"y":-3.56,"rotation":90,"width":53,"height":80}},"pot_leg_f2":{"pot_leg_f":{"color":"dededeff","x":10.78,"y":-3.56,"rotation":90,"width":53,"height":80}},"pot_leg_u":{"pot_leg_u":{"x":23.03,"y":-0.28,"width":106,"height":59}},"pot_leg_u2":{"pot_leg_u":{"color":"dededeff","x":23.03,"y":-0.28,"width":106,"height":59}},"smash_arm_R_d":{"smash_arm_R_d":{"x":18.11,"y":0.39,"rotation":180,"width":95,"height":53}},"smash_arm_R_d2":{"smash_arm_R_d":{"color":"dededeff","x":18.11,"y":0.39,"rotation":180,"width":95,"height":53}},"smash_arm_R_hand":{"smash_arm_R_hand":{"x":2.83,"y":-6.07,"rotation":180,"width":62,"height":70}},"smash_arm_R_hand2":{"smash_arm_R_hand":{"color":"dededeff","x":2.83,"y":-6.07,"rotation":180,"width":62,"height":70}},"smash_arm_R_u":{"smash_arm_R_u":{"x":20.97,"y":0.39,"rotation":180,"width":95,"height":53}},"smash_arm_R_u2":{"smash_arm_R_u":{"color":"dededeff","x":20.97,"y":0.39,"rotation":180,"width":95,"height":53}},"smash_head":{"smash_head":{"width":164,"height":164}},"smash_l":{"smash_l":{"x":-170.37,"y":-10.3,"width":263,"height":189}},"smash_leg_d":{"smash_leg_d":{"x":23.03,"width":107,"height":59}},"smash_leg_d2":{"smash_leg_d":{"color":"dededeff","x":23.03,"width":107,"height":59}},"smash_leg_foot":{"smash_leg_foot":{"x":10.33,"y":-4.94,"rotation":90,"width":53,"height":80}},"smash_leg_foot2":{"smash_leg_foot":{"color":"dededeff","x":10.33,"y":-4.94,"rotation":90,"width":53,"height":80}},"smash_leg_hammer":{"smash_leg_hammer":{"color":"dededeff","x":-86.48,"y":-1.81,"rotation":90,"width":218,"height":290}},"smash_leg_u":{"smash_leg_u":{"x":23.19,"width":106,"height":59}},"smash_leg_u2":{"smash_leg_u":{"color":"dededeff","x":23.19,"width":106,"height":59}},"smash_r":{"smash_r":{"x":143.13,"y":-44.3,"width":188,"height":209}},"smash_torso":{"smash_torso":{"y":16.53,"width":125,"height":164}}}}],"events":{"text_show":{}},"animations":{"anim_1_hider":{"slots":{"agro":{"color":[{"color":"ffffff00","curve":"stepped"},{"time":2.2667,"color":"ffffff00"},{"time":2.3333,"color":"ffffffff"}]},"endless":{"color":[{"time":3.2,"color":"ffffff84"},{"time":3.3667,"color":"ffffff00"}]},"hand":{"color":[{"color":"ffffff00"},{"time":0.1,"color":"ffffffff"}]},"hand2":{"color":[{"color":"00000000","curve":"stepped"},{"time":0.1,"color":"00000000"},{"time":0.1667,"color":"00000032"}]},"info_!":{"color":[{"color":"ffffff00","curve":"stepped"},{"time":2.1667,"color":"ffffff00"},{"time":2.2333,"color":"ffffffff"}],"attachment":[{"time":3.3,"name":"info_question"}]},"key":{"twoColor":[{"time":1.8,"light":"ffffffff","dark":"000000"},{"time":1.9667,"light":"ffffffff","dark":"ffffff","curve":"stepped"},{"time":2.5,"light":"ffffffff","dark":"ffffff"},{"time":2.6667,"light":"ffffffff","dark":"000000"}]},"pot":{"color":[{"color":"ffffff00","curve":"stepped"},{"time":0.6,"color":"ffffff00"},{"time":0.6667,"color":"ffffffff"}]},"pot_ass":{"color":[{"color":"ffffff00","curve":"stepped"},{"time":0.6,"color":"ffffff00"},{"time":0.6667,"color":"ffffffff"}]},"pot_leaf_l":{"color":[{"color":"ffffff00","curve":"stepped"},{"time":0.6,"color":"ffffff00"},{"time":0.6667,"color":"ffffffff"}]},"pot_leaf_r":{"color":[{"color":"ffffff00","curve":"stepped"},{"time":0.6,"color":"ffffff00"},{"time":0.6667,"color":"ffffffff"}]},"pot_leg_d":{"color":[{"color":"ffffff00","curve":"stepped"},{"time":0.6,"color":"ffffff00"},{"time":0.6667,"color":"ffffffff"}]},"pot_leg_d2":{"color":[{"color":"ffffff00","curve":"stepped"},{"time":0.6,"color":"ffffff00"},{"time":0.6667,"color":"ffffffff"}]},"pot_leg_f":{"color":[{"color":"ffffff00","curve":"stepped"},{"time":0.6,"color":"ffffff00"},{"time":0.6667,"color":"ffffffff"}]},"pot_leg_f2":{"color":[{"color":"ffffff00","curve":"stepped"},{"time":0.6,"color":"ffffff00"},{"time":0.6667,"color":"ffffffff"}]},"pot_leg_u":{"color":[{"color":"ffffff00","curve":"stepped"},{"time":0.6,"color":"ffffff00"},{"time":0.6667,"color":"ffffffff"}]},"pot_leg_u2":{"color":[{"color":"ffffff00","curve":"stepped"},{"time":0.6,"color":"ffffff00"},{"time":0.6667,"color":"ffffffff"}]},"smash_arm_R_d":{"color":[{"color":"ffffff00","curve":"stepped"},{"time":2.1667,"color":"ffffff00"},{"time":2.2333,"color":"ffffffff"}]},"smash_arm_R_d2":{"color":[{"color":"ffffff00","curve":"stepped"},{"time":2.1667,"color":"ffffff00"},{"time":2.2333,"color":"ffffffff"}]},"smash_arm_R_hand":{"color":[{"color":"ffffff00","curve":"stepped"},{"time":2.1667,"color":"ffffff00"},{"time":2.2333,"color":"ffffffff"}]},"smash_arm_R_hand2":{"color":[{"color":"ffffff00","curve":"stepped"},{"time":2.1667,"color":"ffffff00"},{"time":2.2333,"color":"ffffffff"}]},"smash_arm_R_u":{"color":[{"color":"ffffff00","curve":"stepped"},{"time":2.1667,"color":"ffffff00"},{"time":2.2333,"color":"ffffffff"}]},"smash_arm_R_u2":{"color":[{"color":"ffffff00","curve":"stepped"},{"time":2.1667,"color":"ffffff00"},{"time":2.2333,"color":"ffffffff"}]},"smash_head":{"color":[{"color":"ffffff00","curve":"stepped"},{"time":2.1667,"color":"ffffff00"},{"time":2.2333,"color":"ffffffff"}]},"smash_l":{"attachment":[{"name":null}]},"smash_leg_d":{"color":[{"color":"ffffff00","curve":"stepped"},{"time":2.1667,"color":"ffffff00"},{"time":2.2333,"color":"ffffffff"}]},"smash_leg_d2":{"color":[{"color":"ffffff00","curve":"stepped"},{"time":2.1667,"color":"ffffff00"},{"time":2.2333,"color":"ffffffff"}]},"smash_leg_foot":{"color":[{"color":"ffffff00","curve":"stepped"},{"time":2.1667,"color":"ffffff00"},{"time":2.2333,"color":"ffffffff"}]},"smash_leg_foot2":{"color":[{"color":"ffffff00","curve":"stepped"},{"time":2.1667,"color":"ffffff00"},{"time":2.2333,"color":"ffffffff"}]},"smash_leg_hammer":{"color":[{"color":"ffffff00","curve":"stepped"},{"time":2.1667,"color":"ffffff00"},{"time":2.2333,"color":"ffffffff"}]},"smash_leg_u":{"color":[{"color":"ffffff00","curve":"stepped"},{"time":2.1667,"color":"ffffff00"},{"time":2.2333,"color":"ffffffff"}]},"smash_leg_u2":{"color":[{"color":"ffffff00","curve":"stepped"},{"time":2.1667,"color":"ffffff00"},{"time":2.2333,"color":"ffffffff"}]},"smash_r":{"attachment":[{"name":null}]},"smash_torso":{"color":[{"color":"ffffff00","curve":"stepped"},{"time":2.1667,"color":"ffffff00"},{"time":2.2333,"color":"ffffffff"}]}},"bones":{"key":{"translate":[{"time":0.1667},{"time":0.4333,"y":23.82,"curve":"stepped"},{"time":0.4667,"y":23.82},{"time":0.7667,"curve":"stepped"},{"time":0.8},{"time":1.0667,"y":23.82,"curve":"stepped"},{"time":1.1,"y":23.82},{"time":1.3667,"curve":"stepped"},{"time":1.4},{"time":1.6667,"y":23.82,"curve":"stepped"},{"time":1.7,"y":23.82},{"time":1.8,"y":14.89,"curve":"stepped"},{"time":1.9667,"y":14.89},{"time":2.3333,"y":230.92},{"time":2.5,"y":314.69}],"scale":[{"y":0,"curve":"stepped"},{"time":0.1667,"y":0},{"time":0.3333,"curve":"stepped"},{"time":1.8},{"time":1.9667,"x":1.2,"y":1.2},{"time":2.5},{"time":2.6667,"x":0,"y":0}]},"line":{"scale":[{"y":0,"curve":"stepped"},{"time":0.5,"y":0},{"time":0.6667}]},"hand":{"scale":[{"time":0.3333},{"time":0.5,"x":0.8,"y":0.8},{"time":0.6667}]},"pot_leg_R_food":{"rotate":[{"time":0.9333},{"time":1.1333,"angle":-4.4},{"time":1.1667,"angle":5.69},{"time":1.3667,"angle":37.42},{"time":1.5667,"angle":47.45},{"time":1.6,"angle":-4.4},{"time":1.8333},{"time":2.0667,"angle":-4.4},{"time":2.1,"angle":5.69},{"time":2.3,"angle":37.42},{"time":2.5,"angle":47.45},{"time":2.5333,"angle":-4.4},{"time":2.7667},{"time":3,"angle":-4.4}]},"pot_leg_R_d":{"rotate":[{"time":0.7333,"angle":38.85},{"time":0.9333,"angle":29.84},{"time":1.1333,"angle":37.27},{"time":1.1667,"angle":83.82},{"time":1.3667,"angle":46.11},{"time":1.5667,"angle":30.63},{"time":1.6,"angle":37.27},{"time":1.8333,"angle":29.84},{"time":2.0667,"angle":37.27},{"time":2.1,"angle":83.82},{"time":2.3,"angle":46.11},{"time":2.5,"angle":30.63},{"time":2.5333,"angle":37.27},{"time":2.7667,"angle":29.84},{"time":3,"angle":37.27}]},"pot_leg_R_u":{"rotate":[{"time":0.7333,"angle":44.48},{"time":0.9333,"angle":4.59},{"time":1.1333,"angle":55.42},{"time":1.1667,"angle":94.59},{"time":1.3667,"angle":149.69},{"time":1.5667,"angle":116.12},{"time":1.6,"angle":55.42},{"time":1.8333,"angle":4.59},{"time":2.0667,"angle":55.42},{"time":2.1,"angle":94.59},{"time":2.3,"angle":149.69},{"time":2.5,"angle":116.12},{"time":2.5333,"angle":55.42},{"time":2.7667,"angle":4.59},{"time":3,"angle":55.42}],"translate":[{"time":1.1333,"curve":"stepped"},{"time":1.1667,"x":19.45,"curve":"stepped"},{"time":1.5667,"x":19.45},{"time":1.6,"curve":"stepped"},{"time":2.0667,"curve":"stepped"},{"time":2.1,"x":19.45,"curve":"stepped"},{"time":2.5,"x":19.45},{"time":2.5333}]},"pot_leg_L_food":{"rotate":[{"time":0.7333,"angle":33.51},{"time":0.9333,"angle":37.62},{"time":1.1333,"angle":-2.19},{"time":1.1667,"angle":0.24},{"time":1.3667,"angle":-0.55},{"time":1.5667,"angle":-1.94},{"time":1.6,"angle":-17.54},{"time":1.8333,"angle":37.62},{"time":2.0667,"angle":43.88},{"time":2.1,"angle":0.24},{"time":2.3,"angle":-0.55},{"time":2.5,"angle":-1.94},{"time":2.5333,"angle":-17.54},{"time":2.7667,"angle":37.62},{"time":3,"angle":43.88}]},"pot_leg_L_d":{"rotate":[{"time":0.7333,"angle":78.36},{"time":0.9333,"angle":29.61},{"time":1.1333,"angle":76.99},{"time":1.1667,"angle":29.71},{"time":1.3667,"angle":19.63},{"time":1.5667,"angle":38.81},{"time":1.6,"angle":88.68},{"time":1.8333,"angle":29.61},{"time":2.0667,"angle":41.06},{"time":2.1,"angle":29.71},{"time":2.3,"angle":19.63},{"time":2.5,"angle":38.81},{"time":2.5333,"angle":88.68},{"time":2.7667,"angle":29.61},{"time":3,"angle":41.06}]},"pot_leg_L_u":{"rotate":[{"time":0.7333,"angle":-84.94},{"time":0.9333,"angle":-15.17},{"time":1.1333,"angle":-87.4},{"time":1.1667,"angle":-142.57},{"time":1.3667,"angle":-164.79},{"time":1.5667,"angle":-127.29},{"time":1.6,"angle":-95.65},{"time":1.8333,"angle":-15.17},{"time":2.0667,"angle":-72.05},{"time":2.1,"angle":-142.57},{"time":2.3,"angle":-164.79},{"time":2.5,"angle":-127.29},{"time":2.5333,"angle":-95.65},{"time":2.7667,"angle":-15.17},{"time":3,"angle":-72.05}],"translate":[{"time":1.1333,"curve":"stepped"},{"time":1.1667,"x":-20.56,"curve":"stepped"},{"time":1.5667,"x":-20.56},{"time":1.6,"curve":"stepped"},{"time":2.0667,"curve":"stepped"},{"time":2.1,"x":-20.56,"curve":"stepped"},{"time":2.5,"x":-20.56},{"time":2.5333}]},"pot":{"translate":[{"time":0.8333},{"time":0.9333,"x":-64.92,"y":37.76},{"time":1.1333,"x":-194.77},{"time":1.3667,"x":-346.26,"y":40.05},{"time":1.5667,"x":-476.11},{"time":1.8,"x":-541.04,"y":40.85},{"time":2.0667,"x":-541.04},{"time":2.3,"x":-541.04,"y":40.85},{"time":2.5,"x":-541.04},{"time":2.7667,"x":-541.04,"y":40.85},{"time":3,"x":-541.04,"y":-145.01}],"scale":[{"y":0.01,"curve":"stepped"},{"time":0.6667,"y":0.01},{"time":0.7667,"y":1.1},{"time":0.8333}]},"pot_torso":{"translate":[{"time":0.9},{"time":1,"y":12.96},{"time":1.2},{"time":1.4333,"y":12.96},{"time":1.6333},{"time":1.8667,"y":12.96},{"time":2.1333},{"time":2.3667,"y":12.96},{"time":2.5667},{"time":2.8333,"y":12.96},{"time":3.0667}],"scale":[{"time":0.9},{"time":1,"x":0.9,"y":1.1},{"time":1.2},{"time":1.4333,"x":0.9,"y":1.1},{"time":1.6333},{"time":1.8667,"x":0.9,"y":1.1},{"time":2.1333},{"time":2.3667,"x":0.9,"y":1.1},{"time":2.5667},{"time":2.8333,"x":0.9,"y":1.1},{"time":2.9333,"x":0.9,"y":1.6},{"time":3.0667,"x":1.1,"y":0.8},{"time":3.1667}]},"pot_leaf_L":{"rotate":[{"time":0.9333},{"time":1.0333,"angle":-7.1},{"time":1.2333},{"time":1.4667,"angle":-7.1},{"time":1.6667},{"time":1.9,"angle":-7.1},{"time":2.1667},{"time":2.4,"angle":-7.1},{"time":2.6},{"time":2.8667,"angle":-7.1},{"time":3.1},{"time":3.2333,"angle":-14.37},{"time":3.3667}],"translate":[{"time":0.9333},{"time":1.0333,"y":12.96},{"time":1.2333},{"time":1.4667,"y":12.96},{"time":1.6667},{"time":1.9,"y":12.96},{"time":2.1667},{"time":2.4,"y":12.96},{"time":2.6},{"time":2.8667,"y":12.96},{"time":3.1}],"scale":[{"time":0.9333},{"time":1.0333,"y":1.1},{"time":1.2333},{"time":1.4667,"y":1.1},{"time":1.6667},{"time":1.9,"y":1.1},{"time":2.1667},{"time":2.4,"y":1.1},{"time":2.6},{"time":2.8667,"y":1.1},{"time":3.1,"y":0.997},{"time":3.3667}]},"pot_leaf_R":{"rotate":[{"time":0.9333},{"time":1.0333,"angle":-11.15},{"time":1.2333},{"time":1.4667,"angle":-11.19},{"time":1.6667},{"time":1.9,"angle":-13.84},{"time":2.1667},{"time":2.4,"angle":-13.6},{"time":2.6},{"time":2.8667,"angle":-10.34},{"time":3.1},{"time":3.2333,"angle":24.31},{"time":3.3667}],"translate":[{"time":0.9333},{"time":1.0333,"y":12.96},{"time":1.2333},{"time":1.4667,"y":12.96},{"time":1.6667},{"time":1.9,"y":12.96},{"time":2.1667},{"time":2.4,"y":12.96},{"time":2.6},{"time":2.8667,"y":12.96},{"time":3.1}],"scale":[{"time":0.9333},{"time":1.0333,"y":1.1},{"time":1.2333},{"time":1.4667,"y":1.1},{"time":1.6667},{"time":1.9,"y":1.1},{"time":2.1667},{"time":2.4,"y":1.1},{"time":2.6},{"time":2.8667,"y":1.1},{"time":3.1,"y":0.997},{"time":3.3667}]},"smash":{"translate":[{"time":2.2667},{"time":2.3,"x":-18.44},{"time":2.7667,"x":-214.04}],"scale":[{"y":0.01,"curve":"stepped"},{"time":2.1667,"y":0.01},{"time":2.2667,"y":1.1},{"time":2.3333}]},"arm_L_u":{"rotate":[{"time":2.2333,"angle":25.58,"curve":"stepped"},{"time":2.3,"angle":25.58},{"time":2.5,"angle":21.85},{"time":2.7,"angle":25.58},{"time":3.0333,"angle":21.25},{"time":3.2667,"angle":25.58},{"time":3.3,"angle":90.07}]},"arm_L_d":{"rotate":[{"time":2.2333,"angle":-41.67,"curve":"stepped"},{"time":2.3,"angle":-41.67},{"time":2.5,"angle":-45.41},{"time":2.7,"angle":-41.67},{"time":3.0333,"angle":-46.01},{"time":3.2667,"angle":-41.67}]},"arm_R_u":{"rotate":[{"time":2.2333,"angle":34.66,"curve":"stepped"},{"time":3.2667,"angle":34.66},{"time":3.3,"angle":21.53}],"translate":[{"time":2.2333,"x":62.05,"y":20.12,"curve":"stepped"},{"time":2.3,"x":62.05,"y":20.12},{"time":2.5333,"x":62.05,"y":27.59},{"time":2.7667,"x":62.05,"y":20.12},{"time":3.0667,"x":62.05,"y":27.59},{"time":3.2667,"x":62.05,"y":20.12}]},"arm_R_d":{"rotate":[{"time":2.2333,"angle":38.68}]},"hammer":{"rotate":[{"time":2.2333,"angle":-56.71,"curve":"stepped"},{"time":2.3,"angle":-56.71},{"time":2.5333,"angle":-72.52},{"time":2.7667,"angle":-56.71},{"time":3.0333,"angle":-72.39},{"time":3.2667,"angle":-56.71}]},"leg_L_u":{"rotate":[{"time":2.2333,"angle":30.51,"curve":"stepped"},{"time":2.2667,"angle":30.51},{"time":2.3,"angle":122.94},{"time":2.5333,"angle":139.3},{"time":2.7667,"angle":107.66},{"time":2.8,"angle":30.51},{"time":3.0333,"angle":19.76},{"time":3.2667,"angle":57.76},{"time":3.3,"angle":90}],"translate":[{"time":2.2667},{"time":2.3,"x":23.81,"curve":"stepped"},{"time":2.7667,"x":23.81},{"time":2.8}]},"leg_L_d":{"rotate":[{"time":2.2333,"angle":99.47,"curve":"stepped"},{"time":2.2667,"angle":99.47},{"time":2.3,"angle":25.25},{"time":2.5333,"angle":41.61},{"time":2.7667,"angle":40.71},{"time":2.8,"angle":81.13},{"time":3.0333,"angle":13.13},{"time":3.0667,"angle":37.63},{"time":3.2667,"angle":53.94},{"time":3.3}]},"leg_L_f":{"rotate":[{"time":2.2333,"angle":9.6,"curve":"stepped"},{"time":2.2667,"angle":9.6},{"time":2.3,"angle":51.66},{"time":2.5333,"angle":68.02},{"time":2.7667,"angle":2.77,"curve":"stepped"},{"time":2.8,"angle":2.77},{"time":3.0333,"angle":-17.42},{"time":3.2667,"angle":-5.4},{"time":3.3,"angle":360}]},"leg_R_u":{"rotate":[{"time":2.2333,"angle":-49.42},{"time":2.2667,"angle":-97.19},{"time":2.3,"angle":-144.96},{"time":2.5333,"angle":-165.04},{"time":2.7667,"angle":-132.61},{"time":2.8,"angle":-83.27},{"time":3.0333,"angle":-38.3},{"time":3.2667,"angle":-83.96},{"time":3.3,"angle":270}],"translate":[{"time":2.2667},{"time":2.3,"x":-21.65,"curve":"stepped"},{"time":2.7667,"x":-21.65},{"time":2.8}]},"leg_R_d":{"rotate":[{"time":2.2333,"angle":14.7},{"time":2.2667,"angle":88.02},{"time":2.3,"angle":98.17},{"time":2.5333,"angle":26.13},{"time":2.7667,"angle":53.46,"curve":"stepped"},{"time":2.8,"angle":53.46},{"time":3.0333,"angle":60.13,"curve":"stepped"},{"time":3.2667,"angle":60.13},{"time":3.3}]},"leg_R_f":{"rotate":[{"time":2.2667},{"time":2.3,"angle":11.35},{"time":2.5333,"angle":-14.16},{"time":2.7667,"angle":-10.04},{"time":2.8,"angle":48.44},{"time":3.0333,"angle":19.58},{"time":3.2667,"angle":-14.75},{"time":3.3,"angle":360}]},"smash_head":{"translate":[{"time":2.3},{"time":2.5333,"x":-9.34,"y":-10.23},{"time":2.7667},{"time":3.0333,"x":-7.47,"y":-9.3},{"time":3.2667},{"time":3.3,"x":22.57,"y":8.6},{"time":3.3667}]},"smash_info":{"scale":[{"time":3.2667},{"time":3.3,"x":1.3,"y":1.3},{"time":3.5}]},"agro":{"scale":[{"time":2.3},{"time":2.5333,"x":0.9,"y":0.9},{"time":2.7667},{"time":3.0333,"x":0.9,"y":0.9},{"time":3.2667}]},"pot_legs":{"translate":[{"time":2.8333},{"time":3,"y":79.26}],"scale":[{"time":2.8333},{"time":3,"x":0.5,"y":0.5}]},"body":{"translate":[{"time":2.3},{"time":2.5333,"y":46.21},{"time":2.7667},{"time":3.0333,"y":41.18},{"time":3.2667}]},"hand2":{"translate":[{"time":0.3333},{"time":0.5,"y":17.42},{"time":0.6667}]}},"path":{"line":{"position":[{"time":0.6667,"position":1},{"time":3.3667,"curve":"stepped"},{"time":4}],"mix":[{"time":0.6667,"rotateMix":0}]}},"events":[{"time":3.3667,"name":"text_show"}]},"anim_2_smash":{"slots":{"agro":{"attachment":[{"name":null}]},"endless":{"color":[{"time":3.2,"color":"ffffff84"},{"time":3.3667,"color":"ffffff00"}]},"hand":{"color":[{"color":"ffffff00"},{"time":0.1,"color":"ffffffff"}]},"hand2":{"color":[{"color":"00000000","curve":"stepped"},{"time":0.1,"color":"00000000"},{"time":0.1667,"color":"00000032"}]},"info_!":{"attachment":[{"name":null}]},"key":{"attachment":[{"name":null}]},"pot":{"color":[{"color":"ffffff00","curve":"stepped"},{"time":2.0667,"color":"ffffff00"},{"time":2.1333,"color":"ffffffff"}],"attachment":[{"time":3.3667,"name":null}]},"pot_ass":{"color":[{"color":"ffffff00","curve":"stepped"},{"time":2.0667,"color":"ffffff00"},{"time":2.1333,"color":"ffffffff"}],"attachment":[{"time":3.3667,"name":null}]},"pot_leaf_l":{"color":[{"color":"ffffff00","curve":"stepped"},{"time":2.0667,"color":"ffffff00"},{"time":2.1333,"color":"ffffffff"}],"attachment":[{"time":3.3667,"name":null}]},"pot_leaf_r":{"color":[{"color":"ffffff00","curve":"stepped"},{"time":2.0667,"color":"ffffff00"},{"time":2.1333,"color":"ffffffff"}],"attachment":[{"time":3.3667,"name":null}]},"pot_leg_d":{"color":[{"color":"ffffff00","curve":"stepped"},{"time":2.0667,"color":"ffffff00"},{"time":2.1333,"color":"ffffffff"}],"attachment":[{"time":3.3667,"name":null}]},"pot_leg_d2":{"color":[{"color":"ffffff00","curve":"stepped"},{"time":2.0667,"color":"ffffff00"},{"time":2.1333,"color":"ffffffff"}],"attachment":[{"time":3.3667,"name":null}]},"pot_leg_f":{"color":[{"color":"ffffff00","curve":"stepped"},{"time":2.0667,"color":"ffffff00"},{"time":2.1333,"color":"ffffffff"}],"attachment":[{"time":3.3667,"name":null}]},"pot_leg_f2":{"color":[{"color":"ffffff00","curve":"stepped"},{"time":2.0667,"color":"ffffff00"},{"time":2.1333,"color":"ffffffff"}],"attachment":[{"time":3.3667,"name":null}]},"pot_leg_u":{"color":[{"color":"ffffff00","curve":"stepped"},{"time":2.0667,"color":"ffffff00"},{"time":2.1333,"color":"ffffffff"}],"attachment":[{"time":3.3667,"name":null}]},"pot_leg_u2":{"color":[{"color":"ffffff00","curve":"stepped"},{"time":2.0667,"color":"ffffff00"},{"time":2.1333,"color":"ffffffff"}],"attachment":[{"time":3.3667,"name":null}]},"smash_l":{"attachment":[{"name":null},{"time":3.3667,"name":"smash_l"}]},"smash_r":{"attachment":[{"name":null},{"time":3.3667,"name":"smash_r"}]}},"bones":{"key":{"scale":[{"y":0}]},"line":{"scale":[{"y":0,"curve":"stepped"},{"time":0.5,"y":0},{"time":0.6667}]},"hand":{"scale":[{"time":0.3333},{"time":0.5,"x":0.8,"y":0.8},{"time":0.6667}]},"pot_leg_R_food":{"rotate":[{"time":2.4},{"time":2.6,"angle":-4.4},{"time":2.6333,"angle":5.69},{"time":2.8333,"angle":37.42},{"time":3.0333,"angle":47.45},{"time":3.0667,"angle":-4.4},{"time":3.3}]},"pot_leg_R_d":{"rotate":[{"time":2.2,"angle":38.85},{"time":2.4,"angle":29.84},{"time":2.6,"angle":37.27},{"time":2.6333,"angle":83.82},{"time":2.8333,"angle":46.11},{"time":3.0333,"angle":30.63},{"time":3.0667,"angle":37.27},{"time":3.3,"angle":29.84}]},"pot_leg_R_u":{"rotate":[{"time":2.2,"angle":44.48},{"time":2.4,"angle":4.59},{"time":2.6,"angle":55.42},{"time":2.6333,"angle":94.59},{"time":2.8333,"angle":149.69},{"time":3.0333,"angle":116.12},{"time":3.0667,"angle":55.42},{"time":3.3,"angle":4.59}],"translate":[{"time":2.6,"curve":"stepped"},{"time":2.6333,"x":19.45,"curve":"stepped"},{"time":3.0333,"x":19.45},{"time":3.0667}]},"pot_leg_L_food":{"rotate":[{"time":2.2,"angle":33.51},{"time":2.4,"angle":37.62},{"time":2.6,"angle":-2.19},{"time":2.6333,"angle":0.24},{"time":2.8333,"angle":-0.55},{"time":3.0333,"angle":-1.94},{"time":3.0667,"angle":-17.54},{"time":3.3,"angle":37.62}]},"pot_leg_L_d":{"rotate":[{"time":2.2,"angle":78.36},{"time":2.4,"angle":29.61},{"time":2.6,"angle":76.99},{"time":2.6333,"angle":29.71},{"time":2.8333,"angle":19.63},{"time":3.0333,"angle":38.81},{"time":3.0667,"angle":88.68},{"time":3.3,"angle":29.61}]},"pot_leg_L_u":{"rotate":[{"time":2.2,"angle":-84.94},{"time":2.4,"angle":-15.17},{"time":2.6,"angle":-87.4},{"time":2.6333,"angle":-142.57},{"time":2.8333,"angle":-164.79},{"time":3.0333,"angle":-127.29},{"time":3.0667,"angle":-95.65},{"time":3.3,"angle":-15.17}],"translate":[{"time":2.6,"curve":"stepped"},{"time":2.6333,"x":-20.56,"curve":"stepped"},{"time":3.0333,"x":-20.56},{"time":3.0667}]},"pot":{"translate":[{"x":-1082.52},{"time":2.1667,"x":-1079.75,"curve":"stepped"},{"time":2.2333,"x":-1079.75},{"time":2.4,"x":-1037.14,"y":37.02},{"time":2.6,"x":-986.01},{"time":2.8333,"x":-926.36,"y":37.02},{"time":3.0333,"x":-875.23},{"time":3.1333,"x":-849.66,"y":17.63},{"time":3.3333,"x":-727.31,"y":17.63}],"scale":[{"y":0.01,"curve":"stepped"},{"time":2.1333,"y":0.01},{"time":2.2333,"y":1.1},{"time":2.3}]},"pot_torso":{"translate":[{"time":2.3667},{"time":2.4667,"y":12.96},{"time":2.6667},{"time":2.9,"y":12.96},{"time":3.1},{"time":3.3333,"y":12.96}],"scale":[{"time":2.3667},{"time":2.4667,"x":0.9,"y":1.1},{"time":2.6667},{"time":2.9,"x":0.9,"y":1.1},{"time":3.1},{"time":3.3333,"x":0.9,"y":1.1}]},"pot_leaf_L":{"rotate":[{"time":2.4},{"time":2.5,"angle":-7.1},{"time":2.7},{"time":2.9333,"angle":-7.1},{"time":3.1333},{"time":3.3667,"angle":-7.1}],"translate":[{"time":2.4},{"time":2.5,"y":12.96},{"time":2.7},{"time":2.9333,"y":12.96},{"time":3.1333},{"time":3.3667,"y":12.96}],"scale":[{"time":2.4},{"time":2.5,"y":1.1},{"time":2.7},{"time":2.9333,"y":1.1},{"time":3.1333},{"time":3.3667,"y":1.1}]},"pot_leaf_R":{"rotate":[{"time":2.4},{"time":2.5,"angle":-11.15},{"time":2.7},{"time":2.9333,"angle":-11.19},{"time":3.1333},{"time":3.3667,"angle":-13.84}],"translate":[{"time":2.4},{"time":2.5,"y":12.96},{"time":2.7},{"time":2.9333,"y":12.96},{"time":3.1333},{"time":3.3667,"y":12.96}],"scale":[{"time":2.4},{"time":2.5,"y":1.1},{"time":2.7},{"time":2.9333,"y":1.1},{"time":3.1333},{"time":3.3667,"y":1.1}]},"smash":{"rotate":[{"time":3.3333},{"time":3.3667,"angle":21.64}],"translate":[{"x":-540.99,"curve":"stepped"},{"time":2.6667,"x":-540.99},{"time":3.3333,"x":-418.63}],"scale":[{"y":1.1}]},"arm_L_u":{"rotate":[{"angle":25.58},{"time":0.2,"angle":21.85},{"time":0.4,"angle":25.58},{"time":0.7333,"angle":21.25},{"time":0.9667,"angle":25.58},{"time":1.2333,"angle":21.25},{"time":1.5,"angle":25.58},{"time":1.7667,"angle":21.25},{"time":2.0667,"angle":25.58},{"time":2.3,"angle":21.25},{"time":2.6,"angle":25.58},{"time":2.8667,"angle":21.25},{"time":3.1667,"angle":25.58},{"time":3.3333,"angle":9.57},{"time":3.3667,"angle":13.68}],"translate":[{"time":3.3333},{"time":3.3667,"x":6.22,"y":8.72},{"time":3.4667,"x":-0.02,"y":5.49}]},"arm_L_d":{"rotate":[{"angle":-41.67},{"time":0.2,"angle":-45.41},{"time":0.4,"angle":-41.67},{"time":0.7333,"angle":-46.01},{"time":0.9667,"angle":-41.67},{"time":1.2333,"angle":-46.01},{"time":1.5,"angle":-41.67},{"time":1.7667,"angle":-46.01},{"time":2.0667,"angle":-41.67},{"time":2.3,"angle":-46.01},{"time":2.6,"angle":-41.67},{"time":2.8667,"angle":-46.01},{"time":3.1667,"angle":-41.67},{"time":3.3333,"angle":-57.69},{"time":3.3667,"angle":-12.25}]},"arm_L_hand":{"rotate":[{},{"time":3.3333,"angle":-16.02},{"time":3.3667,"angle":-11.9}]},"arm_R_u":{"rotate":[{"angle":34.66,"curve":"stepped"},{"time":3.1667,"angle":34.66},{"time":3.3333,"angle":18.64},{"time":3.3667,"angle":211.42}],"translate":[{"x":62.05,"y":20.12},{"time":0.2333,"x":62.05,"y":27.59},{"time":0.4667,"x":62.05,"y":20.12},{"time":0.7667,"x":62.05,"y":27.59},{"time":0.9667,"x":62.05,"y":20.12},{"time":1.2667,"x":62.05,"y":27.59},{"time":1.5,"x":62.05,"y":20.12},{"time":1.8,"x":62.05,"y":27.59},{"time":2.0667,"x":62.05,"y":20.12},{"time":2.3333,"x":62.05,"y":27.59},{"time":2.6,"x":62.05,"y":20.12},{"time":2.9,"x":62.05,"y":27.59},{"time":3.1667,"x":62.05,"y":20.12,"curve":"stepped"},{"time":3.3333,"x":62.05,"y":20.12},{"time":3.3667,"x":8.52,"y":20.53},{"time":3.4667,"x":2.28,"y":17.3}]},"arm_R_d":{"rotate":[{"angle":38.68},{"time":3.3333,"angle":22.66},{"time":3.3667,"angle":-28.64}]},"arm_R_hand":{"rotate":[{},{"time":3.3333,"angle":-16.02},{"time":3.3667,"angle":-11.9}]},"hammer":{"rotate":[{"angle":-56.71},{"time":0.2333,"angle":-72.52},{"time":0.4667,"angle":-56.71},{"time":0.7333,"angle":-72.39},{"time":0.9667,"angle":-56.71},{"time":1.2333,"angle":-72.39},{"time":1.5,"angle":-56.71},{"time":1.7667,"angle":-72.39},{"time":2.0667,"angle":-56.71},{"time":2.3,"angle":-72.39},{"time":2.6,"angle":-56.71},{"time":2.8667,"angle":-72.39},{"time":3.1667,"angle":-56.71},{"time":3.3333,"angle":-72.73},{"time":3.3667,"angle":-11.32}],"shear":[{"x":-2.14},{"time":3.3333,"x":-2.37},{"time":3.3667,"y":-2.67}]},"hammer_smash":{"rotate":[{},{"time":3.3333,"angle":-16.02},{"time":3.3667,"angle":-11.9}],"translate":[{"time":3.3667},{"time":3.4667,"x":5.53}],"scale":[{"time":3.3667},{"time":3.4333,"x":1.1,"y":1.1}]},"leg_L_u":{"rotate":[{"angle":122.94},{"time":0.2333,"angle":139.3},{"time":0.4667,"angle":107.66},{"time":0.5,"angle":30.51},{"time":0.7333,"angle":19.76},{"time":0.9667,"angle":57.76},{"time":1,"angle":122.94},{"time":1.2667,"angle":139.3},{"time":1.5,"angle":107.66},{"time":1.5333,"angle":30.51},{"time":1.8,"angle":19.76},{"time":2.0667,"angle":57.76},{"time":2.1,"angle":122.94},{"time":2.3667,"angle":139.3},{"time":2.6,"angle":107.66},{"time":2.6333,"angle":30.51},{"time":2.9,"angle":19.76},{"time":3.1667,"angle":57.76},{"time":3.2,"angle":122.94},{"time":3.3333,"angle":130.21,"curve":"stepped"},{"time":3.3667,"angle":130.21},{"time":3.4333,"angle":132.47}],"translate":[{"x":23.81,"curve":"stepped"},{"time":0.4667,"x":23.81},{"time":0.5,"curve":"stepped"},{"time":0.9667},{"time":1,"x":23.81,"curve":"stepped"},{"time":1.5,"x":23.81},{"time":1.5333,"curve":"stepped"},{"time":2.0667},{"time":2.1,"x":23.81,"curve":"stepped"},{"time":2.6,"x":23.81},{"time":2.6333,"curve":"stepped"},{"time":3.1667},{"time":3.2,"x":23.81}]},"leg_L_d":{"rotate":[{"angle":25.25},{"time":0.2333,"angle":41.61},{"time":0.4667,"angle":40.71},{"time":0.5,"angle":81.13},{"time":0.7333,"angle":37.63},{"time":0.9667,"angle":53.94},{"time":1,"angle":25.25},{"time":1.2667,"angle":41.61},{"time":1.5,"angle":40.71},{"time":1.5333,"angle":81.13},{"time":1.8,"angle":13.13},{"time":2.0667,"angle":53.94},{"time":2.1,"angle":25.25},{"time":2.3667,"angle":41.61},{"time":2.6,"angle":40.71},{"time":2.6333,"angle":81.13},{"time":2.9,"angle":13.13},{"time":3.1667,"angle":53.94},{"time":3.2,"angle":25.25},{"time":3.3333,"angle":32.52},{"time":3.3667,"angle":75.58},{"time":3.4333,"angle":77.83}]},"leg_L_f":{"rotate":[{"angle":51.66},{"time":0.2333,"angle":68.02},{"time":0.4667,"angle":2.77,"curve":"stepped"},{"time":0.5,"angle":2.77},{"time":0.7333,"angle":-17.42},{"time":0.9667,"angle":-5.4},{"time":1,"angle":51.66},{"time":1.2667,"angle":68.02},{"time":1.5,"angle":2.77,"curve":"stepped"},{"time":1.5333,"angle":2.77},{"time":1.8,"angle":-17.42},{"time":2.0667,"angle":-5.4},{"time":2.1,"angle":51.66},{"time":2.3667,"angle":68.02},{"time":2.6,"angle":2.77,"curve":"stepped"},{"time":2.6333,"angle":2.77},{"time":2.9,"angle":-17.42},{"time":3.1667,"angle":-5.4},{"time":3.2,"angle":51.66},{"time":3.3333,"angle":58.93,"curve":"stepped"},{"time":3.3667,"angle":58.93},{"time":3.4333,"angle":61.18}]},"leg_R_u":{"rotate":[{"angle":-144.96},{"time":0.2333,"angle":-165.04},{"time":0.4667,"angle":-132.61},{"time":0.5,"angle":-83.27},{"time":0.7333,"angle":-38.3},{"time":0.9667,"angle":-83.96},{"time":1,"angle":-144.96},{"time":1.2667,"angle":-165.04},{"time":1.5,"angle":-132.61},{"time":1.5333,"angle":-83.27},{"time":1.8,"angle":-38.3},{"time":2.0667,"angle":-83.96},{"time":2.1,"angle":-144.96},{"time":2.3667,"angle":-165.04},{"time":2.6,"angle":-132.61},{"time":2.6333,"angle":-83.27},{"time":2.9,"angle":-38.3},{"time":3.1667,"angle":-83.96},{"time":3.2,"angle":-144.96},{"time":3.3333,"angle":-153.89},{"time":3.3667,"angle":-176.51}],"translate":[{"x":-21.65,"curve":"stepped"},{"time":0.4667,"x":-21.65},{"time":0.5,"curve":"stepped"},{"time":0.9667},{"time":1,"x":-21.65,"curve":"stepped"},{"time":1.5,"x":-21.65},{"time":1.5333,"curve":"stepped"},{"time":2.0667},{"time":2.1,"x":-21.65,"curve":"stepped"},{"time":2.6,"x":-21.65},{"time":2.6333,"curve":"stepped"},{"time":3.1667},{"time":3.2,"x":-21.65}]},"leg_R_d":{"rotate":[{"angle":98.17},{"time":0.2333,"angle":26.13},{"time":0.4667,"angle":53.46,"curve":"stepped"},{"time":0.5,"angle":53.46},{"time":0.7333,"angle":60.13,"curve":"stepped"},{"time":0.9667,"angle":60.13},{"time":1,"angle":98.17},{"time":1.2667,"angle":26.13},{"time":1.5,"angle":53.46,"curve":"stepped"},{"time":1.5333,"angle":53.46},{"time":1.8,"angle":60.13,"curve":"stepped"},{"time":2.0667,"angle":60.13},{"time":2.1,"angle":98.17},{"time":2.3667,"angle":26.13},{"time":2.6,"angle":53.46,"curve":"stepped"},{"time":2.6333,"angle":53.46},{"time":2.9,"angle":60.13,"curve":"stepped"},{"time":3.1667,"angle":60.13},{"time":3.2,"angle":98.17},{"time":3.3333,"angle":66.15}]},"leg_R_f":{"rotate":[{"angle":11.35},{"time":0.2333,"angle":-14.16},{"time":0.4667,"angle":-10.04},{"time":0.5,"angle":48.44},{"time":0.7333,"angle":19.58},{"time":0.9667,"angle":-14.75},{"time":1,"angle":11.35},{"time":1.2667,"angle":-14.16},{"time":1.5,"angle":-10.04},{"time":1.5333,"angle":48.44},{"time":1.8,"angle":19.58},{"time":2.0667,"angle":-14.75},{"time":2.1,"angle":11.35},{"time":2.3667,"angle":-14.16},{"time":2.6,"angle":-10.04},{"time":2.6333,"angle":48.44},{"time":2.9,"angle":19.58},{"time":3.1667,"angle":-14.75},{"time":3.2,"angle":11.35},{"time":3.3333,"angle":0.01}]},"smash_head":{"rotate":[{},{"time":3.3333,"angle":-16.02},{"time":3.3667,"angle":-11.9}],"translate":[{},{"time":0.2333,"x":-9.34,"y":-10.23},{"time":0.4667},{"time":0.7333,"x":-7.47,"y":-9.3},{"time":0.9667},{"time":1.2333,"x":-7.47,"y":-9.3},{"time":1.5},{"time":1.7667,"x":-7.47,"y":-9.3},{"time":2.0667},{"time":2.3,"x":-7.47,"y":-9.3},{"time":2.6},{"time":2.8667,"x":-7.47,"y":-9.3},{"time":3.1667,"curve":"stepped"},{"time":3.3667},{"time":3.4333,"x":-9.23,"y":-3.62}]},"agro":{"scale":[{},{"time":0.2333,"x":0.9,"y":0.9},{"time":0.4667},{"time":0.7333,"x":0.9,"y":0.9},{"time":0.9667},{"time":1.2667,"x":0.9,"y":0.9},{"time":1.5},{"time":1.8,"x":0.9,"y":0.9},{"time":2.0667},{"time":2.3667,"x":0.9,"y":0.9},{"time":2.6}]},"body":{"translate":[{},{"time":0.2333,"y":46.21},{"time":0.4667},{"time":0.7333,"y":46.21},{"time":0.9667},{"time":1.2667,"y":46.21},{"time":1.5},{"time":1.8,"y":46.21},{"time":2.0667},{"time":2.3667,"y":46.21},{"time":2.6},{"time":2.9,"y":46.21},{"time":3.1667},{"time":3.3333,"y":30.45},{"time":3.3667}]},"hand2":{"translate":[{"time":0.3333},{"time":0.5,"y":17.42},{"time":0.6667}]}},"path":{"line":{"position":[{"time":0.6667,"position":1},{"time":3.3667,"curve":"stepped"},{"time":4}],"mix":[{"time":0.6667,"rotateMix":0}]}},"events":[{"time":3.3667,"name":"text_show"}]}}}