{
  "particles": {
    "number": {
      "value": 100,
      "density": {
        "enable": true,
        "value_area": 800
      }
    },
    "color": {
      "value": "#ff7518"
    },
    "shape": {
      "type": "image",
      "image": [
        {
          "src": "https://cdn-icons-png.flaticon.com/512/3504/3504737.png",
          "width": 100,
          "height": 100
        }
      ]
    },
    "opacity": {
      "value": 0.8,
      "random": false
    },
    "size": {
      "value": 40,
      "random": true
    },
    "line_linked": {
      "enable": true,
      "distance": 150,
      "color": "#ff7518",
      "opacity": 0.4,
      "width": 1
    },
    "move": {
      "enable": true,
      "speed": 6,
      "direction": "none",
      "out_mode": "out"
    }
  },
  "interactivity": {
    "detect_on": "canvas",
    "events": {
      "onhover": {
        "enable": true,
        "mode": "repulse"
      },
      "onclick": {
        "enable": true,
        "mode": "push"
      },
      "resize": true
    },
    "modes": {
      "grab": {
        "distance": 400,
        "line_linked": {
          "opacity": 1
        }
      },
      "bubble": {
        "distance": 400,
        "size": 40,
        "duration": 2,
        "opacity": 8,
        "speed": 3
      },
      "repulse": {
        "distance": 200,
        "duration": 0.4
      },
      "push": {
        "particles_nb": 4
      },
      "remove": {
        "particles_nb": 2
      }
    }
  },
  "retina_detect": true
}
