
{ 
    
    "fragment0": [
        {
            "shape": [ 16,12, 11,16, 9,6, 15,4 ]
        },
        {
            "shape": [ 3,6, 9,6, 11,16 ]
        }
    ]
    , 
    "fragment1": [
        {
            "shape": [ 13,11, 9,4, 18,7 ]
        },
        {
            "shape": [ 3,16, 6,2, 9,4, 13,11, 13,18 ]
        },
        {
            "shape": [ 9,4, 6,2, 8,1 ]
        }
    ]
    , 
    "fragment2": [
        {
            "shape": [ 14,10, 10,17, 7,11, 5,5, 13,3 ]
        },
        {
            "shape": [ 7,11, 10,17, 7,16 ]
        }
    ]
    , 
    "fragment3": [
        {
            "shape": [ 4,15, 4,7, 13,4, 16,16 ]
        }
    ]
    , 
    "fragment4": [
        {
            "shape": [ 10,12, 2,15, 3,6, 7,1, 18,6 ]
        },
        {
            "shape": [ 2,15, 10,12, 10,19 ]
        }
    ]
    , 
    "fragment5": [
        {
            "shape": [ 13,8, 2,13, 2,6, 9,1, 14,4 ]
        },
        {
            "shape": [ 13,8, 13,14, 11,19, 2,13 ]
        },
        {
            "shape": [ 19,12, 13,14, 13,8, 19,10 ]
        }
    ]
    , 
    "fragment6": [
        {
            "shape": [ 8,19, 4,9, 4,6, 9,1, 19,11 ]
        },
        {
            "shape": [ 4,9, 8,19, 2,14 ]
        },
        {
            "shape": [ 9,1, 4,6, 1,4 ]
        }
    ]
    , 
    "fragment7": [
        {
            "shape": [ 15,8, 8,19, 2,15, 2,5, 14,1 ]
        },
        {
            "shape": [ 8,19, 15,8, 20,12 ]
        }
    ]
    , 
    "fragment8": [
        {
            "shape": [ 20,10, 17,15, 5,16, 1,15, 8,6, 15,1 ]
        },
        {
            "shape": [ 8,6, 1,15, 1,6 ]
        },
        {
            "shape": [ 5,16, 17,15, 6,19 ]
        }
    ]
    , 
    "fragment9": [
        {
            "shape": [ 14,14, 1,9, 19,0, 19,12 ]
        },
        {
            "shape": [ 1,9, 14,14, 13,19, 4,18 ]
        }
    ]
    , 
    "rubble0": [
        {
            "shape": [ 6,7, 2,7, 1,3, 6,1 ]
        }
    ]
    , 
    "rubble1": [
        {
            "shape": [ 6,6, 2,7, 2,1, 6,1 ]
        }
    ]
    , 
    "rubble2": [
        {
            "shape": [ 2,6, 2,2, 5,2, 6,6 ]
        }
    ]
}
