{
    "companyName": "JustPlay.LOL",
    "productName": "JustFall.LOL",
    "productVersion": "1.0",
    "dataUrl": "WebGL - RC.data.unityweb",
    "wasmCodeUrl": "WebGL - RC.wasm.code.unityweb",
    "wasmFrameworkUrl": "WebGL - RC.wasm.framework.unityweb",
    "graphicsAPI": ["WebGL 2.0","WebGL 1.0"],
    "webglContextAttributes": {"preserveDrawingBuffer": false},
    "splashScreenStyle": "Dark",
    "backgroundColor": "#000000",
    "cacheControl": {"default": "must-revalidate"},
    "developmentBuild": false,
    "multithreading": false,
    "unityVersion": "2019.4.16f1"
    }